{"epoch": 5, "loss": 2.3027611584278387, "accuracy": 0.10759564056939502, "val_loss": 2.3028617442959067, "val_accuracy": 0.09733333333333333, "_timestamp": 1741520088.1218486, "_runtime": 10.164735555648804, "_step": 5, "final_val_loss": 2.3028617442959067, "final_val_accuracy": 0.09733333333333333, "_wandb": {"runtime": 7}}