{"epoch": 5, "loss": 0.007771985283966405, "accuracy": 0.8910883748517201, "val_loss": 0.009351673657712027, "val_accuracy": 0.8711666666666666, "_timestamp": 1741531743.6781569, "_runtime": 37.83911395072937, "_step": 5, "final_val_loss": 0.009351673657712027, "final_val_accuracy": 0.8711666666666666, "_wandb": {"runtime": 36}}