{"epoch": 10, "loss": 2.301950089839562, "accuracy": 0.10540740740740741, "val_loss": 2.3018030305556523, "val_accuracy": 0.10316666666666667, "_timestamp": 1741388258.757083, "_runtime": 51.10703086853027, "_step": 10, "final_val_loss": 2.3018030305556523, "final_val_accuracy": 0.10316666666666667, "_wandb": {"runtime": 50}}