{"epoch": 10, "loss": 0.2402254176858807, "accuracy": 0.9087777777777778, "val_loss": 0.3656031348107956, "val_accuracy": 0.8856666666666667, "_timestamp": 1741625490.837022, "_runtime": 198.4939260482788, "_step": 10, "final_val_loss": 0.3656031348107956, "final_val_accuracy": 0.8856666666666667, "_wandb": {"runtime": 196}}