{"epoch": 10, "loss": 0.007723480448557859, "accuracy": 0.8929233392645315, "val_loss": 0.008706674121839552, "val_accuracy": 0.8766666666666667, "_timestamp": 1741543951.7407854, "_runtime": 88.19889545440674, "_step": 10, "final_val_loss": 0.008706674121839552, "final_val_accuracy": 0.8766666666666667, "_wandb": {"runtime": 85}}