{"epoch": 5, "loss": 0.4221341441223725, "accuracy": 0.8530545670225386, "val_loss": 0.41735269862913893, "val_accuracy": 0.8538333333333333, "_timestamp": 1741557270.2513163, "_runtime": 11.546043395996094, "_step": 5, "final_val_loss": 0.41735269862913893, "final_val_accuracy": 0.8538333333333333, "_wandb": {"runtime": 10}}