{"epoch": 10, "loss": 0.29576087144316243, "accuracy": 0.8897451096621221, "val_loss": 0.3572698578961236, "val_accuracy": 0.871, "_timestamp": 1741554205.633637, "_runtime": 62.821033000946045, "_step": 10, "Confusion Matrix": {"_type": "image-file", "sha256": "e0011b03bcc899a845b890bef0ec37b6fdd4c9c8b7ad4a6a7739131dfaae7fb1", "size": 28389, "path": "media/images/Confusion Matrix_10_e0011b03bcc899a845b8.png", "format": "png", "width": 576, "height": 432}, "_wandb": {"runtime": 61}}