{"epoch": 10, "loss": 0.30722478781548823, "accuracy": 0.8871517486662714, "val_loss": 0.34583759269446523, "val_accuracy": 0.8718333333333333, "_timestamp": 1742143721.9832134, "_runtime": 33.51475954055786, "_step": 10, "final_val_loss": 0.34583759269446523, "final_val_accuracy": 0.8718333333333333, "_wandb": {"runtime": 32}}