{"epoch": 5, "loss": 0.3672922779293946, "accuracy": 0.8641666666666666, "val_loss": 0.4237874247479079, "val_accuracy": 0.8481666666666666, "_timestamp": 1741513621.6837912, "_runtime": 103.64104008674622, "_step": 5, "final_val_loss": 0.4237874247479079, "final_val_accuracy": 0.8481666666666666, "_wandb": {"runtime": 100}}