{"epoch": 10, "loss": 0.28987006755212874, "accuracy": 0.892190278601067, "val_loss": 0.33767635818947495, "val_accuracy": 0.8756666666666667, "_timestamp": 1742143414.3093276, "_runtime": 49.75520968437195, "_step": 10, "final_val_loss": 0.33767635818947495, "final_val_accuracy": 0.8756666666666667, "_wandb": {"runtime": 48}}