{"epoch": 10, "loss": 0.3221998916507412, "accuracy": 0.8820925925925925, "val_loss": 0.35178782888448246, "val_accuracy": 0.8733333333333333, "_timestamp": 1742147776.7069473, "_runtime": 114.89944124221802, "_step": 10, "final_val_loss": 0.35178782888448246, "final_val_accuracy": 0.8733333333333333, "_wandb": {"runtime": 113}}