{"epoch": 10, "loss": 0.32881692637812737, "accuracy": 0.8812092230130486, "val_loss": 0.3534020808951646, "val_accuracy": 0.8751666666666666, "_timestamp": 1741583917.366092, "_runtime": 25957.151494026184, "_step": 10, "final_val_loss": 0.3534020808951646, "final_val_accuracy": 0.8751666666666666, "_wandb": {"runtime": 25956}}