{"epoch": 10, "loss": 0.0064106843044955475, "accuracy": 0.9095492289442467, "val_loss": 0.007863016055771286, "val_accuracy": 0.8891666666666667, "_timestamp": 1741531175.7805674, "_runtime": 70.9423463344574, "_step": 10, "final_val_loss": 0.007863016055771286, "final_val_accuracy": 0.8891666666666667, "_wandb": {"runtime": 69}}