{"epoch": 10, "loss": 0.331574699464459, "accuracy": 0.8771481481481481, "val_loss": 0.3649558853296793, "val_accuracy": 0.8696666666666667, "_timestamp": 1742134408.0736835, "_runtime": 213.68992257118225, "_step": 10, "final_val_loss": 0.3649558853296793, "final_val_accuracy": 0.8696666666666667, "_wandb": {"runtime": 212}}