{"epoch": 10, "loss": 0.2769817221200451, "accuracy": 0.8986321174377224, "val_loss": 0.3175667048004905, "val_accuracy": 0.8826666666666667, "_timestamp": 1741553614.1289997, "_runtime": 34.197423696517944, "_step": 10, "Confusion Matrix": {"_type": "image-file", "sha256": "ed4c15d71480f93d977a7b5ca0ecce41875ad816161db0b4d9f5735e774f666b", "size": 26898, "path": "media/images/Confusion Matrix_10_ed4c15d71480f93d977a.png", "format": "png", "width": 576, "height": 432}, "_wandb": {"runtime": 33}}