{"epoch": 5, "loss": 0.33232826380369074, "accuracy": 0.8804645820983995, "val_loss": 0.35055324704700197, "val_accuracy": 0.8723333333333333, "_timestamp": 1741515674.9400673, "_runtime": 14.556997299194336, "_step": 5, "final_val_loss": 0.35055324704700197, "final_val_accuracy": 0.8723333333333333, "_wandb": {"runtime": 13}}