{"epoch": 10, "loss": 0.3114133738977065, "accuracy": 0.8868368405453467, "val_loss": 0.34248530648206665, "val_accuracy": 0.8778333333333334, "_timestamp": 1742134180.0778828, "_runtime": 34.04476284980774, "_step": 10, "final_val_loss": 0.34248530648206665, "final_val_accuracy": 0.8778333333333334, "_wandb": {"runtime": 33}}