{"epoch": 5, "loss": 0.3466674297730363, "accuracy": 0.8754259259259259, "val_loss": 0.36145426415267207, "val_accuracy": 0.8698333333333333, "_timestamp": 1741510001.6371217, "_runtime": 38.87479066848755, "_step": 5, "final_val_loss": 0.36145426415267207, "final_val_accuracy": 0.8698333333333333, "_wandb": {"runtime": 37}}