{"epoch": 10, "loss": 0.008671853183321568, "accuracy": 0.8782602252519265, "val_loss": 0.009488826244242283, "val_accuracy": 0.8658333333333333, "_timestamp": 1741531607.3967965, "_runtime": 124.44784951210022, "_step": 10, "final_val_loss": 0.009488826244242283, "final_val_accuracy": 0.8658333333333333, "_wandb": {"runtime": 123}}