{"epoch": 5, "loss": 0.3544562014650589, "accuracy": 0.8723881149970362, "val_loss": 0.35630465124779465, "val_accuracy": 0.8688333333333333, "_timestamp": 1741509950.8358371, "_runtime": 47.536293029785156, "_step": 5, "final_val_loss": 0.35630465124779465, "final_val_accuracy": 0.8688333333333333, "_wandb": {"runtime": 45}}