{"epoch": 10, "loss": 0.2891518154172486, "accuracy": 0.8937759489916963, "val_loss": 0.3728031401370828, "val_accuracy": 0.8631666666666666, "_timestamp": 1742126417.2582753, "_runtime": 23.99921226501465, "_step": 10, "final_val_loss": 0.3728031401370828, "final_val_accuracy": 0.8631666666666666, "_wandb": {"runtime": 22}}