{"epoch": 5, "loss": 0.36297273397696694, "accuracy": 0.8690537937166568, "val_loss": 0.3698012598745827, "val_accuracy": 0.8668333333333333, "_timestamp": 1741515588.3842158, "_runtime": 24.906632900238037, "_step": 5, "final_val_loss": 0.3698012598745827, "final_val_accuracy": 0.8668333333333333, "_wandb": {"runtime": 23}}