{"epoch": 10, "loss": 0.2919850923247254, "accuracy": 0.8928862692763938, "val_loss": 0.3433443936610861, "val_accuracy": 0.8743333333333333, "_timestamp": 1741529114.5920749, "_runtime": 176.85087490081787, "_step": 10, "final_val_loss": 0.3433443936610861, "final_val_accuracy": 0.8743333333333333, "_wandb": {"runtime": 174}}