{"epoch": 10, "loss": 0.3105577154592206, "accuracy": 0.8853333333333333, "val_loss": 0.38147161000134633, "val_accuracy": 0.8601666666666666, "_timestamp": 1742145981.6357834, "_runtime": 265.0681014060974, "_step": 10, "final_val_loss": 0.38147161000134633, "final_val_accuracy": 0.8601666666666666, "_wandb": {"runtime": 263}}