{"epoch": 10, "loss": 0.3197273900381811, "accuracy": 0.8822407407407408, "val_loss": 0.3716534782890958, "val_accuracy": 0.8701666666666666, "_timestamp": 1742147505.102286, "_runtime": 145.2994351387024, "_step": 10, "final_val_loss": 0.3716534782890958, "final_val_accuracy": 0.8701666666666666, "_wandb": {"runtime": 143}}