{"epoch": 10, "loss": 0.2977334001850622, "accuracy": 0.8905972139893301, "val_loss": 0.34528536819020794, "val_accuracy": 0.8728333333333333, "_timestamp": 1741554137.437873, "_runtime": 30.41835594177246, "_step": 10, "Confusion Matrix": {"_type": "image-file", "sha256": "cb63f0d0fcc661924c8704536fb8d932670ecef21329b96e45c98cb663ac7dc1", "size": 27200, "path": "media/images/Confusion Matrix_10_cb63f0d0fcc661924c87.png", "format": "png", "width": 576, "height": 432}, "_wandb": {"runtime": 28}}