{"epoch": 10, "loss": 0.3389454919268614, "accuracy": 0.8766856846473029, "val_loss": 0.35580232539250634, "val_accuracy": 0.8768333333333334, "_timestamp": 1742127539.6456702, "_runtime": 124.05512022972107, "_step": 10, "final_val_loss": 0.35580232539250634, "final_val_accuracy": 0.8768333333333334, "_wandb": {"runtime": 122}}