{"epoch": 5, "loss": 0.29782302907886027, "accuracy": 0.8904304979253111, "val_loss": 0.32964831821280133, "val_accuracy": 0.8793333333333333, "_timestamp": 1741512124.851641, "_runtime": 19.97408103942871, "_step": 5, "final_val_loss": 0.32964831821280133, "final_val_accuracy": 0.8793333333333333, "_wandb": {"runtime": 17}}