{"epoch": 5, "loss": 0.44480471209493805, "accuracy": 0.8442689798339265, "val_loss": 0.44407815237807374, "val_accuracy": 0.8411666666666666, "_timestamp": 1741515640.3365538, "_runtime": 12.006880760192871, "_step": 5, "final_val_loss": 0.44407815237807374, "final_val_accuracy": 0.8411666666666666, "_wandb": {"runtime": 10}}