{"epoch": 10, "loss": 0.04500270227411883, "accuracy": 0.09968518518518518, "val_loss": 0.04499992666635428, "val_accuracy": 0.10316666666666667, "_timestamp": 1741520264.6024792, "_runtime": 41.764222145080566, "_step": 10, "final_val_loss": 0.04499992666635428, "final_val_accuracy": 0.10316666666666667, "_wandb": {"runtime": 40}}