{"epoch": 5, "loss": 0.0450015305253623, "accuracy": 0.09988508303677343, "val_loss": 0.0450005402198309, "val_accuracy": 0.10033333333333333, "_timestamp": 1741526424.431773, "_runtime": 8.580018043518066, "_step": 5, "final_val_loss": 0.0450005402198309, "final_val_accuracy": 0.10033333333333333, "_wandb": {"runtime": 7}}