{"epoch": 10, "loss": 0.3128538810834308, "accuracy": 0.8849844398340249, "val_loss": 0.39102142466641304, "val_accuracy": 0.8576666666666667, "_timestamp": 1742127081.5052445, "_runtime": 110.65260648727417, "_step": 10, "final_val_loss": 0.39102142466641304, "final_val_accuracy": 0.8576666666666667, "_wandb": {"runtime": 109}}