{"epoch": 10, "loss": 0.3637096105905009, "accuracy": 0.8697592592592592, "val_loss": 0.37935133207963456, "val_accuracy": 0.8641666666666666, "_timestamp": 1741612935.7252066, "_runtime": 64.44863367080688, "_step": 10, "final_val_loss": 0.37935133207963456, "final_val_accuracy": 0.8641666666666666, "_wandb": {"runtime": 63}}