{"epoch": 10, "loss": 0.48064128956305785, "accuracy": 0.8298199466508596, "val_loss": 0.4747233506118518, "val_accuracy": 0.8318333333333333, "_timestamp": 1741509464.6626713, "_runtime": 107.92115521430969, "_step": 10, "final_val_loss": 0.4747233506118518, "final_val_accuracy": 0.8318333333333333, "_wandb": {"runtime": 106}}