{"epoch": 10, "loss": 0.008734447362255223, "accuracy": 0.8771129893238434, "val_loss": 0.00911012171084814, "val_accuracy": 0.8718333333333333, "_timestamp": 1741543569.2439568, "_runtime": 97.70538091659546, "_step": 10, "final_val_loss": 0.00911012171084814, "final_val_accuracy": 0.8718333333333333, "_wandb": {"runtime": 93}}