{"epoch": 10, "loss": 0.007080474782881338, "accuracy": 0.901074074074074, "val_loss": 0.008277922081501205, "val_accuracy": 0.8866666666666667, "_timestamp": 1741544274.4038498, "_runtime": 212.81871390342712, "_step": 10, "final_val_loss": 0.008277922081501205, "final_val_accuracy": 0.8866666666666667, "_wandb": {"runtime": 211}}