{"epoch": 10, "loss": 0.007982213450654682, "accuracy": 0.8878447508896797, "val_loss": 0.008736388487228026, "val_accuracy": 0.8776666666666667, "_timestamp": 1741544049.290426, "_runtime": 83.70859003067017, "_step": 10, "final_val_loss": 0.008736388487228026, "final_val_accuracy": 0.8776666666666667, "_wandb": {"runtime": 80}}