{"epoch": 10, "loss": 0.24488361462439343, "accuracy": 0.9073148148148148, "val_loss": 0.34481643801697753, "val_accuracy": 0.8803333333333333, "_timestamp": 1741613582.805138, "_runtime": 258.49440908432007, "_step": 10, "final_val_loss": 0.34481643801697753, "final_val_accuracy": 0.8803333333333333, "_wandb": {"runtime": 257}}