{"epoch": 10, "loss": 0.2812211038356335, "accuracy": 0.8948509786476868, "val_loss": 0.31854497298124335, "val_accuracy": 0.8865, "_timestamp": 1742186687.2865374, "_runtime": 120.1008653640747, "_step": 9, "_wandb": {"runtime": 125}}