{"epoch": 10, "loss": 0.292967576495363, "accuracy": 0.8906898340248963, "val_loss": 0.3311345737164678, "val_accuracy": 0.8796666666666667, "_timestamp": 1742142609.3484497, "_runtime": 111.72168159484863, "_step": 10, "final_val_loss": 0.3311345737164678, "final_val_accuracy": 0.8796666666666667, "_wandb": {"runtime": 110}}