{"epoch": 5, "loss": 0.01580938131810745, "accuracy": 0.8881598457888493, "val_loss": 0.017102414863391716, "val_accuracy": 0.8805, "_timestamp": 1742222551.1718564, "_runtime": 43.92134141921997, "_step": 5, "Confusion Matrix": {"_type": "image-file", "sha256": "f8506ca864d3b9df411f43d0e867377e0a2a5a2cc38028199afce0f5ab55d9b1", "size": 26615, "path": "media/images/Confusion Matrix_5_f8506ca864d3b9df411f.png", "format": "png", "width": 576, "height": 432}, "_wandb": {"runtime": 42}}