{"epoch": 10, "loss": 0.31508330320165095, "accuracy": 0.883322212336892, "val_loss": 0.35907707535016115, "val_accuracy": 0.8698333333333333, "_timestamp": 1742126346.6337886, "_runtime": 73.70119261741638, "_step": 10, "final_val_loss": 0.35907707535016115, "final_val_accuracy": 0.8698333333333333, "_wandb": {"runtime": 72}}