{"epoch": 10, "loss": 0.00866805447985777, "accuracy": 0.8782417012448133, "val_loss": 0.009706933286651027, "val_accuracy": 0.8618333333333333, "_timestamp": 1741548193.880667, "_runtime": 64.55853295326233, "_step": 10, "final_val_loss": 0.009706933286651027, "final_val_accuracy": 0.8618333333333333, "_wandb": {"runtime": 63}}