{"epoch": 5, "loss": 0.3466990194357591, "accuracy": 0.8713137225844695, "val_loss": 0.3505974947716295, "val_accuracy": 0.8691666666666666, "_timestamp": 1741514865.4300318, "_runtime": 25.765060663223267, "_step": 5, "final_val_loss": 0.3505974947716295, "final_val_accuracy": 0.8691666666666666, "_wandb": {"runtime": 24}}