{"epoch": 10, "loss": 0.3119709489656343, "accuracy": 0.8857873665480427, "val_loss": 0.37930101338319105, "val_accuracy": 0.8628333333333333, "_timestamp": 1742142358.8886034, "_runtime": 19.865727424621582, "_step": 10, "final_val_loss": 0.37930101338319105, "final_val_accuracy": 0.8628333333333333, "_wandb": {"runtime": 18}}