{"epoch": 10, "loss": 0.3007132439952195, "accuracy": 0.8898333333333334, "val_loss": 0.33357287992713225, "val_accuracy": 0.8798333333333334, "_timestamp": 1741614459.4112444, "_runtime": 84.3411614894867, "_step": 10, "final_val_loss": 0.33357287992713225, "final_val_accuracy": 0.8798333333333334, "_wandb": {"runtime": 83}}