{"epoch": 5, "loss": 0.30859074678222564, "accuracy": 0.8850955838767042, "val_loss": 0.36601822538210815, "val_accuracy": 0.8656666666666667, "_timestamp": 1741516149.286288, "_runtime": 30.795630931854248, "_step": 5, "final_val_loss": 0.36601822538210815, "final_val_accuracy": 0.8656666666666667, "_wandb": {"runtime": 24}}