{"epoch": 10, "loss": 0.2872684027872742, "accuracy": 0.8946851851851851, "val_loss": 0.3339061474825871, "val_accuracy": 0.8776666666666667, "_timestamp": 1741511765.922052, "_runtime": 1452.1827728748322, "_step": 10, "final_val_loss": 0.3339061474825871, "final_val_accuracy": 0.8776666666666667, "_wandb": {"runtime": 1450}}