{"epoch": 10, "loss": 0.31000658379132606, "accuracy": 0.8871774911032029, "val_loss": 0.338905931413799, "val_accuracy": 0.8768333333333334, "_timestamp": 1742142185.3353477, "_runtime": 20.104474544525146, "_step": 10, "final_val_loss": 0.338905931413799, "final_val_accuracy": 0.8768333333333334, "_wandb": {"runtime": 19}}