{"epoch": 10, "loss": 0.27888932454363397, "accuracy": 0.8975756227758007, "val_loss": 0.31702348971779026, "val_accuracy": 0.8861666666666667, "_timestamp": 1741556194.795722, "_runtime": 29.73971199989319, "_step": 10, "Confusion Matrix": {"_type": "image-file", "sha256": "1018beac30a501108cc7b2bfb1b0f768738f004bac317f6c91b1b62c4c76fe48", "size": 26966, "path": "media/images/Confusion Matrix_10_1018beac30a501108cc7.png", "format": "png", "width": 576, "height": 432}, "_wandb": {"runtime": 28}}