{"epoch": 10, "loss": 0.007257021476810039, "accuracy": 0.8983170225385528, "val_loss": 0.008831179276190338, "val_accuracy": 0.8756666666666667, "_timestamp": 1741540295.3679585, "_runtime": 100.72850561141968, "_step": 10, "final_val_loss": 0.008831179276190338, "final_val_accuracy": 0.8756666666666667, "_wandb": {"runtime": 99}}