{"epoch": 10, "loss": 0.32239370295461345, "accuracy": 0.8841192170818505, "val_loss": 0.34743784537280936, "val_accuracy": 0.8746666666666667, "_timestamp": 1741584225.3241482, "_runtime": 37.951895236968994, "_step": 10, "final_val_loss": 0.34743784537280936, "final_val_accuracy": 0.8746666666666667, "_wandb": {"runtime": 37}}