{"epoch": 10, "loss": 0.3137668938534193, "accuracy": 0.8843703703703704, "val_loss": 0.34451780089197953, "val_accuracy": 0.8698333333333333, "_timestamp": 1742145047.3150806, "_runtime": 247.44698357582092, "_step": 10, "final_val_loss": 0.34451780089197953, "final_val_accuracy": 0.8698333333333333, "_wandb": {"runtime": 246}}