{"epoch": 10, "loss": 0.5631646439536061, "accuracy": 0.8046782325029656, "val_loss": 0.547842985177217, "val_accuracy": 0.8073333333333333, "_timestamp": 1741551563.8097603, "_runtime": 49.236849308013916, "_step": 10, "Confusion Matrix": {"_type": "image-file", "sha256": "43b9cac246666172c64f69af77ef0394ec3d2599154c8af317183a83bce0d349", "size": 28591, "path": "media/images/Confusion Matrix_10_43b9cac246666172c64f.png", "format": "png", "width": 576, "height": 432}, "_wandb": {"runtime": 47}}