{"epoch": 10, "loss": 0.006712092374463948, "accuracy": 0.9059536158861885, "val_loss": 0.008199728640686976, "val_accuracy": 0.8863333333333333, "_timestamp": 1741542791.274907, "_runtime": 205.3163800239563, "_step": 10, "final_val_loss": 0.008199728640686976, "final_val_accuracy": 0.8863333333333333, "_wandb": {"runtime": 203}}