{"epoch": 10, "loss": 0.28309876348597796, "accuracy": 0.895580171902786, "val_loss": 0.34478409344566013, "val_accuracy": 0.8736666666666667, "_timestamp": 1741395044.8836358, "_runtime": 6105.251641750336, "_step": 10, "final_val_loss": 0.34478409344566013, "final_val_accuracy": 0.8736666666666667, "_wandb": {"runtime": 6104}}