{"epoch": 5, "loss": 2.3006186437250093, "accuracy": 0.1378076809015421, "val_loss": 2.3004950464224843, "val_accuracy": 0.16083333333333333, "_timestamp": 1741522190.035174, "_runtime": 9.972816944122314, "_step": 5, "final_val_loss": 2.3004950464224843, "final_val_accuracy": 0.16083333333333333, "_wandb": {"runtime": 8}}