{"epoch": 5, "loss": 0.3759713777744156, "accuracy": 0.8678269572953736, "val_loss": 0.37247687714418687, "val_accuracy": 0.8688333333333333, "_timestamp": 1741526639.476189, "_runtime": 21.573462963104248, "_step": 5, "final_val_loss": 0.37247687714418687, "final_val_accuracy": 0.8688333333333333, "_wandb": {"runtime": 20}}