{"epoch": 5, "loss": 1.2129590584239427, "accuracy": 0.4051756075874333, "val_loss": 1.1809321553657308, "val_accuracy": 0.41833333333333333, "_timestamp": 1741526730.8052795, "_runtime": 11.639419555664062, "_step": 5, "final_val_loss": 1.1809321553657308, "final_val_accuracy": 0.41833333333333333, "_wandb": {"runtime": 10}}