{"epoch": 5, "loss": 0.29738210026074324, "accuracy": 0.8902962962962963, "val_loss": 0.3396062665633878, "val_accuracy": 0.8793333333333333, "_timestamp": 1741625847.160704, "_runtime": 76.44202995300293, "_step": 5, "final_val_loss": 0.3396062665633878, "final_val_accuracy": 0.8793333333333333, "_wandb": {"runtime": 75}}