{"epoch": 10, "loss": 0.2894407201281417, "accuracy": 0.8929789442467378, "val_loss": 0.32253160630268696, "val_accuracy": 0.8818333333333334, "_timestamp": 1741556274.7990553, "_runtime": 74.44749641418457, "_step": 10, "Confusion Matrix": {"_type": "image-file", "sha256": "c0eb77c8d3c642ba6550a0b2543116d7541d040c2414d0dc154730f58911455c", "size": 28196, "path": "media/images/Confusion Matrix_10_c0eb77c8d3c642ba6550.png", "format": "png", "width": 576, "height": 432}, "_wandb": {"runtime": 72}}