{"epoch": 10, "loss": 0.24641085510655228, "accuracy": 0.9075659845788849, "val_loss": 0.3631679439851587, "val_accuracy": 0.8741666666666666, "_timestamp": 1741531383.6761298, "_runtime": 70.85939383506775, "_step": 10, "final_val_loss": 0.3631679439851587, "final_val_accuracy": 0.8741666666666666, "_wandb": {"runtime": 69}}