{"epoch": 10, "loss": 0.3229410027534952, "accuracy": 0.8815925925925926, "val_loss": 0.39996933739580065, "val_accuracy": 0.8631666666666666, "_timestamp": 1742145699.5490131, "_runtime": 270.871719121933, "_step": 10, "final_val_loss": 0.39996933739580065, "final_val_accuracy": 0.8631666666666666, "_wandb": {"runtime": 269}}