{"epoch": 10, "loss": 0.2802614613895594, "accuracy": 0.8962596381969158, "val_loss": 0.3167306684936928, "val_accuracy": 0.8843333333333333, "_timestamp": 1742125883.9260385, "_runtime": 105.80555152893066, "_step": 10, "final_val_loss": 0.3167306684936928, "final_val_accuracy": 0.8843333333333333, "_wandb": {"runtime": 104}}