{"epoch": 10, "loss": 0.008164402558488654, "accuracy": 0.885101571767497, "val_loss": 0.008908988505709476, "val_accuracy": 0.8738333333333334, "_timestamp": 1741545072.9099948, "_runtime": 69.8430187702179, "_step": 10, "final_val_loss": 0.008908988505709476, "final_val_accuracy": 0.8738333333333334, "_wandb": {"runtime": 68}}