{"epoch": 5, "loss": 0.32964223540521653, "accuracy": 0.8776859810314167, "val_loss": 0.3543062506312106, "val_accuracy": 0.8651666666666666, "_timestamp": 1741510291.125303, "_runtime": 67.29119992256165, "_step": 5, "final_val_loss": 0.3543062506312106, "final_val_accuracy": 0.8651666666666666, "_wandb": {"runtime": 65}}