{"epoch": 10, "loss": 0.3023117311765053, "accuracy": 0.8880038529934795, "val_loss": 0.3408176968002153, "val_accuracy": 0.872, "_timestamp": 1742143351.606673, "_runtime": 35.03335690498352, "_step": 10, "final_val_loss": 0.3408176968002153, "final_val_accuracy": 0.872, "_wandb": {"runtime": 33}}