{"epoch": 10, "loss": 0.29439491317838606, "accuracy": 0.894537037037037, "val_loss": 0.3377528057089179, "val_accuracy": 0.8853333333333333, "_timestamp": 1741584697.8176494, "_runtime": 129.1402304172516, "_step": 10, "final_val_loss": 0.3377528057089179, "final_val_accuracy": 0.8853333333333333, "_wandb": {"runtime": 128}}