{"epoch": 10, "loss": 0.008129609342056445, "accuracy": 0.8873740367516301, "val_loss": 0.00927566106110872, "val_accuracy": 0.8748333333333334, "_timestamp": 1741540376.9026964, "_runtime": 61.19771146774292, "_step": 10, "final_val_loss": 0.00927566106110872, "final_val_accuracy": 0.8748333333333334, "_wandb": {"runtime": 59}}