{"epoch": 10, "loss": 0.3215349296330993, "accuracy": 0.8854845880260818, "val_loss": 0.35530692512025963, "val_accuracy": 0.8698333333333333, "_timestamp": 1741584481.4085615, "_runtime": 39.865952491760254, "_step": 10, "final_val_loss": 0.35530692512025963, "final_val_accuracy": 0.8698333333333333, "_wandb": {"runtime": 39}}