{"epoch": 10, "loss": 0.31820301606102463, "accuracy": 0.8826133669235329, "val_loss": 0.35121611568154154, "val_accuracy": 0.8736666666666667, "_timestamp": 1741554099.9043102, "_runtime": 94.50543332099915, "_step": 10, "Confusion Matrix": {"_type": "image-file", "sha256": "1782948bebc9b3c66c45276f590fb26a44359dfa3d070ad5f4083ff67ae494da", "size": 27861, "path": "media/images/Confusion Matrix_10_1782948bebc9b3c66c45.png", "format": "png", "width": 576, "height": 432}, "_wandb": {"runtime": 93}}