{"epoch": 5, "loss": 0.28271886179148564, "accuracy": 0.8945173487544484, "val_loss": 0.3202893890275844, "val_accuracy": 0.8855, "_timestamp": 1742222502.3252485, "_runtime": 35.51378655433655, "_step": 5, "Confusion Matrix": {"_type": "image-file", "sha256": "1141a299728e001b414d22dc7747e4b94ee7d189c7db14700d83dfdcf7f5c431", "size": 26464, "path": "media/images/Confusion Matrix_5_1141a299728e001b414d.png", "format": "png", "width": 576, "height": 432}, "_wandb": {"runtime": 34}}