{"epoch": 10, "loss": 0.3834039160822518, "accuracy": 0.8666271487848252, "val_loss": 0.3997871270850033, "val_accuracy": 0.8578333333333333, "_timestamp": 1741557405.6776915, "_runtime": 27.948646545410156, "_step": 10, "final_val_loss": 0.3997871270850033, "final_val_accuracy": 0.8578333333333333, "_wandb": {"runtime": 27}}