{"epoch": 5, "loss": 0.3478742967609739, "accuracy": 0.8757965323058684, "val_loss": 0.3601021422737155, "val_accuracy": 0.8708333333333333, "_timestamp": 1741527336.6016176, "_runtime": 248.56028366088867, "_step": 5, "final_val_loss": 0.3601021422737155, "final_val_accuracy": 0.8708333333333333, "_wandb": {"runtime": 247}}