{"epoch": 10, "loss": 0.28798856369087117, "accuracy": 0.8938130189798339, "val_loss": 0.32415772058376446, "val_accuracy": 0.8803333333333333, "_timestamp": 1742126074.2784786, "_runtime": 82.27074861526489, "_step": 10, "final_val_loss": 0.32415772058376446, "final_val_accuracy": 0.8803333333333333, "_wandb": {"runtime": 81}}