{"epoch": 10, "loss": 0.311034733757564, "accuracy": 0.8861144042679312, "val_loss": 0.37801767085814847, "val_accuracy": 0.8636666666666667, "_timestamp": 1742143830.8912728, "_runtime": 36.74593186378479, "_step": 10, "final_val_loss": 0.37801767085814847, "final_val_accuracy": 0.8636666666666667, "_wandb": {"runtime": 35}}