{"epoch": 10, "loss": 0.40364464403593653, "accuracy": 0.8574288256227758, "val_loss": 0.4820746502231037, "val_accuracy": 0.8401666666666666, "_timestamp": 1741531468.7325044, "_runtime": 71.111492395401, "_step": 10, "final_val_loss": 0.4820746502231037, "final_val_accuracy": 0.8401666666666666, "_wandb": {"runtime": 70}}