{"epoch": 10, "loss": 0.33414012967463436, "accuracy": 0.8779259259259259, "val_loss": 0.34793538371773236, "val_accuracy": 0.8736666666666667, "_timestamp": 1742148036.3998196, "_runtime": 65.55488061904907, "_step": 10, "final_val_loss": 0.34793538371773236, "final_val_accuracy": 0.8736666666666667, "_wandb": {"runtime": 64}}