{"epoch": 5, "loss": 0.7177514117440724, "accuracy": 0.7676453143534994, "val_loss": 0.6852717563270923, "val_accuracy": 0.7763333333333333, "_timestamp": 1741388929.5440948, "_runtime": 22.424290895462036, "_step": 5, "final_val_loss": 0.6852717563270923, "final_val_accuracy": 0.7763333333333333, "_wandb": {"runtime": 21}}