{"epoch": 10, "loss": 2.302592857476736, "accuracy": 0.09944024317912219, "val_loss": 2.3027495597898606, "val_accuracy": 0.09416666666666666, "_timestamp": 1741526404.8218734, "_runtime": 20.971433401107788, "_step": 10, "final_val_loss": 2.3027495597898606, "final_val_accuracy": 0.09416666666666666, "_wandb": {"runtime": 19}}