{"epoch": 10, "loss": 0.28319704498693776, "accuracy": 0.89418371886121, "val_loss": 0.32627257704281554, "val_accuracy": 0.88, "_timestamp": 1741553573.0517392, "_runtime": 65.12010431289673, "_step": 10, "Confusion Matrix": {"_type": "image-file", "sha256": "47728c4b8ca7f65799d1f4ad603fdc11668dc751fe179d82aa77fa8af507bcfc", "size": 27302, "path": "media/images/Confusion Matrix_10_47728c4b8ca7f65799d1.png", "format": "png", "width": 576, "height": 432}, "_wandb": {"runtime": 64}}