{"epoch": 10, "loss": 0.32592785993637274, "accuracy": 0.8838544754001185, "val_loss": 0.3530692745101312, "val_accuracy": 0.8731666666666666, "_timestamp": 1741532190.9074848, "_runtime": 160.7775228023529, "_step": 10, "final_val_loss": 0.3530692745101312, "final_val_accuracy": 0.8731666666666666, "_wandb": {"runtime": 159}}