{"epoch": 5, "loss": 0.3586161522959663, "accuracy": 0.8713518518518518, "val_loss": 0.38469676136985603, "val_accuracy": 0.8571666666666666, "_timestamp": 1741510078.2714772, "_runtime": 62.50733017921448, "_step": 5, "final_val_loss": 0.38469676136985603, "final_val_accuracy": 0.8571666666666666, "_wandb": {"runtime": 59}}