{"epoch": 10, "loss": 0.2962171291615658, "accuracy": 0.89117145820984, "val_loss": 0.34327302768791546, "val_accuracy": 0.8751666666666666, "_timestamp": 1742143545.997547, "_runtime": 59.276362895965576, "_step": 10, "final_val_loss": 0.34327302768791546, "final_val_accuracy": 0.8751666666666666, "_wandb": {"runtime": 58}}