{"epoch": 10, "loss": 0.28255349876905084, "accuracy": 0.8950919335705813, "val_loss": 0.3222551319665079, "val_accuracy": 0.8793333333333333, "_timestamp": 1742218277.4075737, "_runtime": 114.59397768974304, "_step": 10, "Confusion Matrix_table": {"_type": "table-file", "sha256": "7a73e2b860521ff1ba28a4788ae079b0497bd475c16ba63ae614e116abecadc9", "size": 1813, "artifact_path": "wandb-client-artifact://5azzlrugyhygy8nldw1ofq1fl3oy9ozzkxmxf2yppbfxjbw853439614yb9v4zxwa8lptecj65nvm9bywnyis1z481ecd1atki7umfnfmxyi5ntx73jrsxgppg6yip1m:latest/Confusion Matrix_table.table.json", "_latest_artifact_path": "wandb-client-artifact://5azzlrugyhygy8nldw1ofq1fl3oy9ozzkxmxf2yppbfxjbw853439614yb9v4zxwa8lptecj65nvm9bywnyis1z481ecd1atki7umfnfmxyi5ntx73jrsxgppg6yip1m:latest/Confusion Matrix_table.table.json", "path": "media/table/Confusion Matrix_table_10_7a73e2b860521ff1ba28.table.json", "ncols": 3, "nrows": 100}, "_wandb": {"runtime": 112}}