{"epoch": 10, "loss": 0.31505219434088444, "accuracy": 0.8852498517200474, "val_loss": 0.3585106513449671, "val_accuracy": 0.8696666666666667, "_timestamp": 1742142224.111878, "_runtime": 17.73046898841858, "_step": 10, "final_val_loss": 0.3585106513449671, "final_val_accuracy": 0.8696666666666667, "_wandb": {"runtime": 16}}