{"epoch": 10, "loss": 0.123, "accuracy": 0.95, "_timestamp": 1741378315.6631856, "_runtime": 202.07836866378784, "_step": 10, "sample_plot": {"_type": "image-file", "sha256": "00aff3149c7c6958b9d86c4c8ddc05b2cfa119e7b23c0528fcef70619e746655", "size": 11451, "path": "media/images/sample_plot_10_00aff3149c7c6958b9d8.png", "format": "png", "width": 432, "height": 288}, "_wandb": {"runtime": 6184}}