{"epoch": 10, "loss": 0.2794663249503434, "accuracy": 0.8977287886872999, "_timestamp": 1741556555.5731351, "_runtime": 37.298285245895386, "_step": 10, "Confusion Matrix": {"_type": "image-file", "sha256": "087d2e0516d587580224a028eabc11b508fc454f28cff903ff5b496564055691", "size": 28067, "path": "media/images/Confusion Matrix_10_087d2e0516d587580224.png", "format": "png", "width": 576, "height": 432}, "_wandb": {"runtime": 35}}