{"epoch": 10, "loss": 0.3103864097807237, "accuracy": 0.8856205516014235, "val_loss": 0.33341495967881624, "val_accuracy": 0.877, "_timestamp": 1742142293.896931, "_runtime": 18.433945894241333, "_step": 10, "final_val_loss": 0.33341495967881624, "final_val_accuracy": 0.877, "_wandb": {"runtime": 17}}