{"epoch": 10, "loss": 0.32764431384629156, "accuracy": 0.8777592592592592, "val_loss": 0.3586809277729403, "val_accuracy": 0.8731666666666666, "_timestamp": 1742147852.9398835, "_runtime": 62.34258055686951, "_step": 10, "final_val_loss": 0.3586809277729403, "final_val_accuracy": 0.8731666666666666, "_wandb": {"runtime": 61}}