{"epoch": 10, "loss": 0.30950155049992817, "accuracy": 0.8876964709371293, "val_loss": 0.33988793665612327, "val_accuracy": 0.8788333333333334, "_timestamp": 1741456983.2426834, "_runtime": 125.8290364742279, "_step": 10, "final_val_loss": 0.33988793665612327, "final_val_accuracy": 0.8788333333333334, "_wandb": {"runtime": 124}}