{"epoch": 10, "loss": 0.2726799552313553, "accuracy": 0.8975185185185185, "val_loss": 0.35116124211053146, "val_accuracy": 0.8736666666666667, "_timestamp": 1741614246.7606416, "_runtime": 154.15590262413025, "_step": 10, "final_val_loss": 0.35116124211053146, "final_val_accuracy": 0.8736666666666667, "_wandb": {"runtime": 153}}