{"epoch": 10, "loss": 0.01860359029745488, "accuracy": 0.7241622182680901, "val_loss": 0.01834715322107534, "val_accuracy": 0.7301666666666666, "_timestamp": 1741541220.76975, "_runtime": 31.058590173721313, "_step": 10, "final_val_loss": 0.01834715322107534, "final_val_accuracy": 0.7301666666666666, "_wandb": {"runtime": 29}}