{"epoch": 5, "loss": 0.008885619782192796, "accuracy": 0.8747037037037036, "val_loss": 0.009577131735437163, "val_accuracy": 0.8668333333333333, "_timestamp": 1741527030.8012848, "_runtime": 21.881507873535156, "_step": 5, "final_val_loss": 0.009577131735437163, "final_val_accuracy": 0.8668333333333333, "_wandb": {"runtime": 20}}