{"epoch": 10, "loss": 0.007842923211357765, "accuracy": 0.8924310906935389, "val_loss": 0.010076519294007512, "val_accuracy": 0.8613333333333333, "_timestamp": 1741530198.8919437, "_runtime": 48.755778789520264, "_step": 10, "final_val_loss": 0.010076519294007512, "final_val_accuracy": 0.8613333333333333, "_wandb": {"runtime": 47}}