{"epoch": 10, "loss": 0.3488197873304729, "accuracy": 0.8816911328588375, "val_loss": 0.3842905093650984, "val_accuracy": 0.8688333333333333, "_timestamp": 1741456661.595566, "_runtime": 35.950178146362305, "_step": 10, "final_val_loss": 0.3842905093650984, "final_val_accuracy": 0.8688333333333333, "_wandb": {"runtime": 34}}