{"epoch": 10, "loss": 0.2943016693115576, "accuracy": 0.8935240071132188, "val_loss": 0.3358582029246248, "val_accuracy": 0.8768333333333334, "_timestamp": 1741614595.9010904, "_runtime": 120.71240639686584, "_step": 10, "final_val_loss": 0.3358582029246248, "final_val_accuracy": 0.8768333333333334, "_wandb": {"runtime": 119}}