{"epoch": 10, "loss": 0.2891898784975908, "accuracy": 0.8944061387900356, "val_loss": 0.36294890634945953, "val_accuracy": 0.8676666666666667, "_timestamp": 1742141979.5144675, "_runtime": 22.553558588027954, "_step": 10, "final_val_loss": 0.36294890634945953, "final_val_accuracy": 0.8676666666666667, "_wandb": {"runtime": 20}}