{"epoch": 10, "loss": 0.007647748601558232, "accuracy": 0.8936351511558981, "val_loss": 0.00858419679878542, "val_accuracy": 0.8796666666666667, "_timestamp": 1741549165.9876957, "_runtime": 120.38861274719238, "_step": 9, "_wandb": {"runtime": 120}}