{"epoch": 10, "loss": 0.28115822121049056, "accuracy": 0.895017793594306, "val_loss": 0.35896182189416337, "val_accuracy": 0.8671666666666666, "_timestamp": 1742186950.676874, "_runtime": 113.74511694908142, "_step": 10, "Confusion Matrix_table": {"_type": "table-file", "sha256": "7d621035436759ee2ecd4dc4bdf3636f58615afd79e6b5476b008d70f1693889", "size": 1810, "artifact_path": "wandb-client-artifact://u9c4oqyv1h2my0k1k3dwftn1q06b4i4iwc0jk24hevtfga6yeujt3om1ag3rrjv4cetlvsffawwer134u9mpnrzm39gmarozu79zbf0q5kpdvzapj89megistnpn58bx:latest/Confusion Matrix_table.table.json", "_latest_artifact_path": "wandb-client-artifact://u9c4oqyv1h2my0k1k3dwftn1q06b4i4iwc0jk24hevtfga6yeujt3om1ag3rrjv4cetlvsffawwer134u9mpnrzm39gmarozu79zbf0q5kpdvzapj89megistnpn58bx:latest/Confusion Matrix_table.table.json", "path": "media/table/Confusion Matrix_table_10_7d621035436759ee2ecd.table.json", "ncols": 3, "nrows": 100}, "_wandb": {"runtime": 111}}