{"epoch": 10, "loss": 0.25291338368076755, "accuracy": 0.9040555555555555, "val_loss": 0.34444466933111045, "val_accuracy": 0.8746666666666667, "_timestamp": 1742152910.3204963, "_runtime": 267.1975374221802, "_step": 10, "Confusion Matrix": {"_type": "image-file", "sha256": "19d533a4825cf1f169e03ac85211000e79fdaa681eabbfd098a28f0ab26d1e06", "size": 26067, "path": "media/images/Confusion Matrix_10_19d533a4825cf1f169e0.png", "format": "png", "width": 576, "height": 432}, "_wandb": {"runtime": 266}}