{"epoch": 10, "loss": 0.29991077041728964, "accuracy": 0.890068950177936, "val_loss": 0.35111718236216627, "val_accuracy": 0.8711666666666666, "_timestamp": 1742126751.302541, "_runtime": 18.378700971603394, "_step": 10, "final_val_loss": 0.35111718236216627, "final_val_accuracy": 0.8711666666666666, "_wandb": {"runtime": 17}}