{"epoch": 5, "loss": 0.30999091027088976, "accuracy": 0.8853178719620628, "val_loss": 0.3503691099844954, "val_accuracy": 0.8748333333333334, "_timestamp": 1741384510.8508103, "_runtime": 82.90734434127808, "_step": 4, "_wandb": {"runtime": 50}}