{"epoch": 5, "loss": 0.3839307613834785, "accuracy": 0.8643486959098993, "val_loss": 0.39413872282456963, "val_accuracy": 0.8558333333333333, "_timestamp": 1741519662.197511, "_runtime": 39.56596803665161, "_step": 5, "final_val_loss": 0.39413872282456963, "final_val_accuracy": 0.8558333333333333, "_wandb": {"runtime": 38}}