{"epoch": 10, "loss": 0.008856477564652826, "accuracy": 0.8757228647686833, "val_loss": 0.009402248071271652, "val_accuracy": 0.8663333333333333, "_timestamp": 1741542148.213232, "_runtime": 28.061567068099976, "_step": 10, "final_val_loss": 0.009402248071271652, "final_val_accuracy": 0.8663333333333333, "_wandb": {"runtime": 26}}