{"epoch": 5, "loss": 0.43508873281621624, "accuracy": 0.8458888888888889, "val_loss": 0.44112764879896643, "val_accuracy": 0.8451666666666666, "_timestamp": 1741515309.4036705, "_runtime": 25.354451656341553, "_step": 5, "final_val_loss": 0.44112764879896643, "final_val_accuracy": 0.8451666666666666, "_wandb": {"runtime": 21}}