{"epoch": 10, "loss": 0.031708453026027594, "accuracy": 0.989991103202847, "val_loss": 0.08993294007629671, "val_accuracy": 0.9758333333333333, "_timestamp": 1742226937.700959, "_runtime": 83.10530495643616, "_step": 10, "Confusion Matrix": {"_type": "image-file", "sha256": "1bd330662e9b4e0c05daad6d32b5272e625e49f9c746b690c6b670726203fe40", "size": 24659, "path": "media/images/Confusion Matrix_10_1bd330662e9b4e0c05da.png", "format": "png", "width": 576, "height": 432}, "_wandb": {"runtime": 81}}