{"epoch": 10, "loss": 0.018892648494774712, "accuracy": 0.7241807532621589, "val_loss": 0.018367098838678465, "val_accuracy": 0.7373333333333333, "_timestamp": 1741545121.7607255, "_runtime": 33.78366160392761, "_step": 10, "final_val_loss": 0.018367098838678465, "final_val_accuracy": 0.7373333333333333, "_wandb": {"runtime": 32}}