{"epoch": 10, "loss": 0.00752794434276412, "accuracy": 0.894739768683274, "val_loss": 0.008763359736930224, "val_accuracy": 0.8768333333333334, "_timestamp": 1741541367.6528544, "_runtime": 82.10868239402771, "_step": 10, "final_val_loss": 0.008763359736930224, "final_val_accuracy": 0.8768333333333334, "_wandb": {"runtime": 77}}