{"epoch": 5, "loss": 2.3027629515302506, "accuracy": 0.09814018968583284, "val_loss": 2.3027637038294624, "val_accuracy": 0.10083333333333333, "_timestamp": 1741522558.9517794, "_runtime": 13.950835466384888, "_step": 5, "final_val_loss": 2.3027637038294624, "final_val_accuracy": 0.10083333333333333, "_wandb": {"runtime": 12}}