{"epoch": 5, "loss": 0.455390005807215, "accuracy": 0.8341118030842231, "val_loss": 0.47751522803714563, "val_accuracy": 0.8268333333333333, "_timestamp": 1741457568.0143027, "_runtime": 72.03824067115784, "_step": 5, "final_val_loss": 0.47751522803714563, "final_val_accuracy": 0.8268333333333333, "_wandb": {"runtime": 70}}