{"epoch": 10, "loss": 0.3279267914127238, "accuracy": 0.8842990515708358, "val_loss": 0.35138250839121055, "val_accuracy": 0.8708333333333333, "_timestamp": 1741584759.4689534, "_runtime": 47.42740535736084, "_step": 10, "final_val_loss": 0.35138250839121055, "final_val_accuracy": 0.8708333333333333, "_wandb": {"runtime": 46}}