{"epoch": 10, "loss": 0.013881295677006267, "accuracy": 0.902598606168446, "val_loss": 0.016559464969017893, "val_accuracy": 0.8848333333333334, "_timestamp": 1742222193.4999788, "_runtime": 67.11323571205139, "_step": 10, "Confusion Matrix": {"_type": "image-file", "sha256": "9f5c9b1150fc7531f13109e3cad9497ccad7f6bab6082e2505f241c91f128263", "size": 26390, "path": "media/images/Confusion Matrix_10_9f5c9b1150fc7531f131.png", "format": "png", "width": 576, "height": 432}, "_wandb": {"runtime": 66}}