{"epoch": 10, "loss": 0.29797755465958714, "accuracy": 0.89045, "_timestamp": 1741556694.6304364, "_runtime": 46.43528938293457, "_step": 10, "Confusion Matrix": {"_type": "image-file", "sha256": "9bc45bbb09b5cde687d9cac531dafd15cd8dffcb24c8e7971ca99fbec96c2e64", "size": 28022, "path": "media/images/Confusion Matrix_10_9bc45bbb09b5cde687d9.png", "format": "png", "width": 576, "height": 432}, "_wandb": {"runtime": 44}}