{"epoch": 10, "loss": 0.30307801751866975, "accuracy": 0.8871332246591582, "val_loss": 0.3726309322882734, "val_accuracy": 0.8616666666666667, "_timestamp": 1742127634.4739594, "_runtime": 34.91533350944519, "_step": 10, "final_val_loss": 0.3726309322882734, "final_val_accuracy": 0.8616666666666667, "_wandb": {"runtime": 34}}