{"epoch": 5, "loss": 0.00936557371846004, "accuracy": 0.8689946619217082, "val_loss": 0.01052441581712751, "val_accuracy": 0.8528333333333333, "_timestamp": 1741542098.5561829, "_runtime": 30.019043922424316, "_step": 5, "final_val_loss": 0.01052441581712751, "final_val_accuracy": 0.8528333333333333, "_wandb": {"runtime": 28}}