{"epoch": 5, "loss": 0.32119295332644154, "accuracy": 0.8821359727164887, "val_loss": 0.36437218261836596, "val_accuracy": 0.8633333333333333, "_timestamp": 1741515548.8615618, "_runtime": 18.22267484664917, "_step": 5, "final_val_loss": 0.36437218261836596, "final_val_accuracy": 0.8633333333333333, "_wandb": {"runtime": 13}}