{"epoch": 10, "loss": 0.019095704039224032, "accuracy": 0.9937351720047449, "val_loss": 0.08049211282713609, "val_accuracy": 0.9783333333333334, "_timestamp": 1742226755.2785063, "_runtime": 92.80690121650696, "_step": 10, "Confusion Matrix": {"_type": "image-file", "sha256": "8e900ebf288232ee7e1ac4fdfe358fb1c66c2b9ed6f27cd700433af27d98494b", "size": 25514, "path": "media/images/Confusion Matrix_10_8e900ebf288232ee7e1a.png", "format": "png", "width": 576, "height": 432}, "_wandb": {"runtime": 89}}