{"epoch": 10, "loss": 0.3294948394847418, "accuracy": 0.8790567575577949, "val_loss": 0.4120960821707708, "val_accuracy": 0.8498333333333333, "_timestamp": 1742127224.7900279, "_runtime": 122.18913388252258, "_step": 10, "final_val_loss": 0.4120960821707708, "final_val_accuracy": 0.8498333333333333, "_wandb": {"runtime": 121}}