{"epoch": 10, "loss": 0.28019744938184127, "accuracy": 0.898947212336892, "val_loss": 0.3415206026478271, "val_accuracy": 0.8771666666666667, "_timestamp": 1742126537.416194, "_runtime": 32.89742398262024, "_step": 10, "final_val_loss": 0.3415206026478271, "final_val_accuracy": 0.8771666666666667, "_wandb": {"runtime": 32}}