{"epoch": 4, "loss": 2.302597566564609, "accuracy": 0.0997703023117961, "val_loss": 2.3027569952564155, "val_accuracy": 0.0985, "_timestamp": 1741527499.3306296, "_runtime": 77.31627869606018, "_step": 3}