{"epoch": 10, "loss": 0.007308805828148619, "accuracy": 0.8983032009484292, "val_loss": 0.008530889803323964, "val_accuracy": 0.8825, "_timestamp": 1741543094.3427722, "_runtime": 190.6242072582245, "_step": 10, "final_val_loss": 0.008530889803323964, "final_val_accuracy": 0.8825, "_wandb": {"runtime": 188}}