{"epoch": 9, "loss": 0.007499307336180556, "accuracy": 0.8942279193835211, "val_loss": 0.008408686475800948, "val_accuracy": 0.8825, "_timestamp": 1741543073.5491576, "_runtime": 169.8305926322937, "_step": 8}