{"epoch": 7, "loss": 0.008033122132602526, "accuracy": 0.8880409010077059, "val_loss": 0.008671855677508625, "val_accuracy": 0.8813333333333333, "_timestamp": 1741543023.0905428, "_runtime": 119.37197780609131, "_step": 6}