{"epoch": 8, "loss": 0.0077648183973033896, "accuracy": 0.8906527860106699, "val_loss": 0.008932024798188196, "val_accuracy": 0.8736666666666667, "_timestamp": 1741543056.0643678, "_runtime": 152.34580278396606, "_step": 7}