{"epoch": 10, "loss": 0.008001430799562384, "accuracy": 0.8862592592592593, "val_loss": 0.008774713052822175, "val_accuracy": 0.8773333333333333, "_timestamp": 1741541070.5810118, "_runtime": 315.5343928337097, "_step": 10, "final_val_loss": 0.008774713052822175, "final_val_accuracy": 0.8773333333333333, "_wandb": {"runtime": 314}}