{"epoch": 10, "loss": 0.5326292288091975, "accuracy": 0.8121107651245552, "val_loss": 0.5309399564837325, "val_accuracy": 0.8083333333333333, "_timestamp": 1741526925.7290723, "_runtime": 50.80183529853821, "_step": 10, "final_val_loss": 0.5309399564837325, "final_val_accuracy": 0.8083333333333333, "_wandb": {"runtime": 49}}