{"epoch": 10, "loss": 0.018309509228658823, "accuracy": 0.7513345195729537, "val_loss": 0.01681907708977211, "val_accuracy": 0.7746666666666666, "_timestamp": 1741548347.1612606, "_runtime": 37.8803436756134, "_step": 10, "final_val_loss": 0.01681907708977211, "final_val_accuracy": 0.7746666666666666, "_wandb": {"runtime": 36}}