{"epoch": 5, "loss": 0.3254047382786564, "accuracy": 0.8825622775800712, "val_loss": 0.34684249741564965, "val_accuracy": 0.8753333333333333, "_timestamp": 1741514353.7631724, "_runtime": 12.294289350509644, "_step": 5, "final_val_loss": 0.34684249741564965, "final_val_accuracy": 0.8753333333333333, "_wandb": {"runtime": 9}}