{"epoch": 10, "loss": 0.3516965105572784, "accuracy": 0.8731666666666666, "val_loss": 0.3577959175736307, "val_accuracy": 0.8713333333333333, "_timestamp": 1742135362.2869813, "_runtime": 250.0411193370819, "_step": 10, "final_val_loss": 0.3577959175736307, "final_val_accuracy": 0.8713333333333333, "_wandb": {"runtime": 248}}