{"epoch": 5, "loss": 0.3596875162823173, "accuracy": 0.8704430942501482, "val_loss": 0.36506137776066877, "val_accuracy": 0.8626666666666667, "_timestamp": 1741515925.6556447, "_runtime": 26.123064756393433, "_step": 5, "final_val_loss": 0.36506137776066877, "final_val_accuracy": 0.8626666666666667, "_wandb": {"runtime": 24}}