{"epoch": 10, "loss": 0.23845001709543162, "accuracy": 0.9109949584816133, "val_loss": 0.31905089579138346, "val_accuracy": 0.8908333333333334, "_timestamp": 1741530136.4346611, "_runtime": 79.67715311050415, "_step": 10, "final_val_loss": 0.31905089579138346, "final_val_accuracy": 0.8908333333333334, "_wandb": {"runtime": 78}}