{"epoch": 10, "loss": 2.302968295722515, "accuracy": 0.09930720213396561, "val_loss": 2.30282309037769, "val_accuracy": 0.10033333333333333, "_timestamp": 1741519777.274704, "_runtime": 35.313618898391724, "_step": 10, "final_val_loss": 2.30282309037769, "final_val_accuracy": 0.10033333333333333, "_wandb": {"runtime": 33}}