{"epoch": 10, "loss": 0.007196193516862965, "accuracy": 0.8983217249555424, "val_loss": 0.008510983677768525, "val_accuracy": 0.8796666666666667, "_timestamp": 1741529948.401098, "_runtime": 138.14482808113098, "_step": 10, "final_val_loss": 0.008510983677768525, "final_val_accuracy": 0.8796666666666667, "_wandb": {"runtime": 135}}