{"epoch": 10, "loss": 0.007274629903277175, "accuracy": 0.8982428825622776, "val_loss": 0.00882610180798086, "val_accuracy": 0.8791666666666667, "_timestamp": 1741529302.813213, "_runtime": 168.96154308319092, "_step": 10, "final_val_loss": 0.00882610180798086, "final_val_accuracy": 0.8791666666666667, "_wandb": {"runtime": 166}}