{"epoch": 10, "loss": 0.2933831523151549, "accuracy": 0.8914307943094251, "val_loss": 0.3293367532979809, "val_accuracy": 0.8773333333333333, "_timestamp": 1741553742.271143, "_runtime": 43.29084897041321, "_step": 10, "Confusion Matrix": {"_type": "image-file", "sha256": "9a64784780baf9936130f026feab7413b9247866da9a4744f2015ad1ce74b195", "size": 27773, "path": "media/images/Confusion Matrix_10_9a64784780baf9936130.png", "format": "png", "width": 576, "height": 432}, "_wandb": {"runtime": 41}}