{"epoch": 10, "loss": 0.2945554266720391, "accuracy": 0.8936666666666667, "val_loss": 0.33301777705581126, "val_accuracy": 0.8788333333333334, "_timestamp": 1741614360.1832826, "_runtime": 92.97567057609558, "_step": 10, "final_val_loss": 0.33301777705581126, "final_val_accuracy": 0.8788333333333334, "_wandb": {"runtime": 91}}