{"epoch": 10, "loss": 0.006218985961080226, "accuracy": 0.9142571174377224, "val_loss": 0.008233776288816051, "val_accuracy": 0.8873333333333333, "_timestamp": 1741542377.0929847, "_runtime": 69.18836569786072, "_step": 10, "final_val_loss": 0.008233776288816051, "final_val_accuracy": 0.8873333333333333, "_wandb": {"runtime": 67}}