{"epoch": 10, "loss": 0.30651295501378206, "accuracy": 0.8932755041518387, "val_loss": 0.36431076048948957, "val_accuracy": 0.8758333333333334, "_timestamp": 1741528190.5951264, "_runtime": 80.99630045890808, "_step": 10, "final_val_loss": 0.36431076048948957, "final_val_accuracy": 0.8758333333333334, "_wandb": {"runtime": 78}}