{"epoch": 10, "loss": 0.29535218923146406, "accuracy": 0.8929789442467378, "val_loss": 0.3354178123323203, "val_accuracy": 0.8786666666666667, "_timestamp": 1741544605.6142454, "_runtime": 92.67339539527893, "_step": 10, "final_val_loss": 0.3354178123323203, "final_val_accuracy": 0.8786666666666667, "_wandb": {"runtime": 88}}