{"epoch": 10, "loss": 0.024462474744538273, "accuracy": 0.7080740740740741, "val_loss": 0.02385076087420057, "val_accuracy": 0.7198333333333333, "_timestamp": 1741520011.055792, "_runtime": 37.97476601600647, "_step": 10, "final_val_loss": 0.02385076087420057, "final_val_accuracy": 0.7198333333333333, "_wandb": {"runtime": 36}}