{"epoch": 10, "loss": 0.2828491857098336, "accuracy": 0.8958277748132337, "_timestamp": 1741556512.0918474, "_runtime": 68.72066140174866, "_step": 10, "Confusion Matrix": {"_type": "image-file", "sha256": "c0f4c7819ab84d8589a0c9c9782a6aedc4341f88882454ba7f91b826ef5fd364", "size": 27708, "path": "media/images/Confusion Matrix_10_c0f4c7819ab84d8589a0.png", "format": "png", "width": 576, "height": 432}, "_wandb": {"runtime": 67}}