{"epoch": 10, "loss": 0.24191800000565652, "accuracy": 0.9076957295373665, "val_loss": 0.31985458880355827, "val_accuracy": 0.8836666666666667, "_timestamp": 1741457184.7313476, "_runtime": 129.37056064605713, "_step": 10, "final_val_loss": 0.31985458880355827, "final_val_accuracy": 0.8836666666666667, "_wandb": {"runtime": 127}}