{"epoch": 5, "loss": 2.3027362290108555, "accuracy": 0.10177565243179122, "val_loss": 2.302846858702167, "val_accuracy": 0.09733333333333333, "_timestamp": 1741514049.9111707, "_runtime": 19.062456607818604, "_step": 5, "final_val_loss": 2.302846858702167, "final_val_accuracy": 0.09733333333333333, "_wandb": {"runtime": 17}}