{"epoch": 10, "loss": 0.3022772241256639, "accuracy": 0.8909771648873073, "val_loss": 0.34240941429520916, "val_accuracy": 0.8731666666666666, "_timestamp": 1741541482.0217726, "_runtime": 100.556227684021, "_step": 10, "final_val_loss": 0.34240941429520916, "final_val_accuracy": 0.8731666666666666, "_wandb": {"runtime": 99}}