{"epoch": 5, "loss": 0.009384090337004729, "accuracy": 0.8687166370106761, "val_loss": 0.009601538792069724, "val_accuracy": 0.8631666666666666, "_timestamp": 1741522509.884157, "_runtime": 31.327425003051758, "_step": 5, "final_val_loss": 0.009601538792069724, "final_val_accuracy": 0.8631666666666666, "_wandb": {"runtime": 28}}