{"epoch": 5, "loss": 0.7983579162525053, "accuracy": 0.7174896204033214, "val_loss": 0.7521274579249309, "val_accuracy": 0.7256666666666667, "_timestamp": 1741388673.2240114, "_runtime": 25.590367317199707, "_step": 5, "final_val_loss": 0.7521274579249309, "final_val_accuracy": 0.7256666666666667, "_wandb": {"runtime": 24}}