{"epoch": 5, "loss": 0.43703964313672544, "accuracy": 0.8485477178423236, "val_loss": 0.4439357250884598, "val_accuracy": 0.8398333333333333, "_timestamp": 1741514653.945787, "_runtime": 16.821399927139282, "_step": 5, "final_val_loss": 0.4439357250884598, "final_val_accuracy": 0.8398333333333333, "_wandb": {"runtime": 15}}