{"epoch": 10, "loss": 0.045001287512247586, "accuracy": 0.10005189798339265, "val_loss": 0.04500008845094487, "val_accuracy": 0.09733333333333333, "_timestamp": 1741540576.3852372, "_runtime": 184.34485411643982, "_step": 10, "final_val_loss": 0.04500008845094487, "final_val_accuracy": 0.09733333333333333, "_wandb": {"runtime": 182}}