{"epoch": 10, "loss": 0.25125633306009404, "accuracy": 0.9052407407407408, "val_loss": 0.32825305907732466, "val_accuracy": 0.8868333333333334, "_timestamp": 1742152606.9746928, "_runtime": 273.90604186058044, "_step": 10, "Confusion Matrix": {"_type": "image-file", "sha256": "0922b0f1b30ffc8f26daf957f687f60c97e9122963bed941da7bf5be27fe61e2", "size": 25577, "path": "media/images/Confusion Matrix_10_0922b0f1b30ffc8f26da.png", "format": "png", "width": 576, "height": 432}, "_wandb": {"runtime": 273}}