{"epoch": 10, "loss": 0.44609613948030447, "accuracy": 0.8650925925925926, "val_loss": 0.5328494555446165, "val_accuracy": 0.8486666666666667, "_timestamp": 1741613665.6244457, "_runtime": 66.85998463630676, "_step": 10, "final_val_loss": 0.5328494555446165, "final_val_accuracy": 0.8486666666666667, "_wandb": {"runtime": 65}}