{"epoch": 10, "loss": 0.3271981654094456, "accuracy": 0.8799074074074074, "val_loss": 0.35923218217599817, "val_accuracy": 0.8703333333333333, "_timestamp": 1742147959.7161806, "_runtime": 93.85541653633118, "_step": 10, "final_val_loss": 0.35923218217599817, "final_val_accuracy": 0.8703333333333333, "_wandb": {"runtime": 92}}