{"epoch": 10, "loss": 0.00721682943555326, "accuracy": 0.8986366330764671, "val_loss": 0.008909579161895442, "val_accuracy": 0.8756666666666667, "_timestamp": 1741545421.057173, "_runtime": 137.285413980484, "_step": 10, "final_val_loss": 0.008909579161895442, "final_val_accuracy": 0.8756666666666667, "_wandb": {"runtime": 135}}