{"epoch": 10, "loss": 0.5037380818470335, "accuracy": 0.8244294605809128, "val_loss": 0.4988608422010427, "val_accuracy": 0.8203333333333334, "_timestamp": 1741509303.0539932, "_runtime": 31.043068170547485, "_step": 10, "final_val_loss": 0.4988608422010427, "final_val_accuracy": 0.8203333333333334, "_wandb": {"runtime": 29}}