{"epoch": 10, "loss": 0.3249407726808515, "accuracy": 0.8810185185185185, "val_loss": 0.40065794178952685, "val_accuracy": 0.8573333333333333, "_timestamp": 1742135754.674431, "_runtime": 79.49904918670654, "_step": 10, "final_val_loss": 0.40065794178952685, "final_val_accuracy": 0.8573333333333333, "_wandb": {"runtime": 78}}