{"epoch": 5, "loss": 0.32188855162391833, "accuracy": 0.8823169828097214, "val_loss": 0.3384058943883515, "val_accuracy": 0.8788333333333334, "_timestamp": 1741513284.9503076, "_runtime": 19.190855503082275, "_step": 5, "final_val_loss": 0.3384058943883515, "final_val_accuracy": 0.8788333333333334, "_wandb": {"runtime": 17}}