{"epoch": 10, "loss": 0.2936340916068329, "accuracy": 0.8933681791221827, "val_loss": 0.36347153356965234, "val_accuracy": 0.8683333333333333, "_timestamp": 1742126251.9407089, "_runtime": 80.3908588886261, "_step": 10, "final_val_loss": 0.36347153356965234, "final_val_accuracy": 0.8683333333333333, "_wandb": {"runtime": 79}}