{"epoch": 10, "loss": 0.27517663629653893, "accuracy": 0.899225237247924, "val_loss": 0.3434315200980969, "val_accuracy": 0.8808333333333334, "_timestamp": 1742126382.2120752, "_runtime": 25.388362169265747, "_step": 10, "final_val_loss": 0.3434315200980969, "final_val_accuracy": 0.8808333333333334, "_wandb": {"runtime": 24}}