{"epoch": 10, "loss": 0.2763721972167025, "accuracy": 0.9001149169632265, "val_loss": 0.32345151564097585, "val_accuracy": 0.8788333333333334, "_timestamp": 1741456506.8403673, "_runtime": 30.89242935180664, "_step": 10, "final_val_loss": 0.32345151564097585, "final_val_accuracy": 0.8788333333333334, "_wandb": {"runtime": 29}}