{"epoch": 10, "loss": 0.007460541304048613, "accuracy": 0.8963211321873148, "val_loss": 0.00860747716275103, "val_accuracy": 0.8801666666666667, "_timestamp": 1741544404.7394347, "_runtime": 108.8142397403717, "_step": 10, "final_val_loss": 0.00860747716275103, "final_val_accuracy": 0.8801666666666667, "_wandb": {"runtime": 107}}