{"epoch": 10, "loss": 0.3429488094022562, "accuracy": 0.8751481481481481, "val_loss": 0.35638100086976815, "val_accuracy": 0.8681666666666666, "_timestamp": 1741554000.3073866, "_runtime": 217.92172074317932, "_step": 10, "Confusion Matrix": {"_type": "image-file", "sha256": "44925738d03d2580b24bf81389b7638562ec4b9f7e07c90c643bc35ee640b488", "size": 27551, "path": "media/images/Confusion Matrix_10_44925738d03d2580b24b.png", "format": "png", "width": 576, "height": 432}, "_wandb": {"runtime": 216}}