{"epoch": 10, "loss": 0.4273359983084202, "accuracy": 0.8493104982206405, "val_loss": 0.4415704922700961, "val_accuracy": 0.8396666666666667, "_timestamp": 1741541273.276875, "_runtime": 30.904839992523193, "_step": 10, "final_val_loss": 0.4415704922700961, "final_val_accuracy": 0.8396666666666667, "_wandb": {"runtime": 29}}