{"epoch": 5, "loss": 2.3026114916693508, "accuracy": 0.0982962962962963, "val_loss": 2.302764095829322, "val_accuracy": 0.0925, "_timestamp": 1741520416.6154797, "_runtime": 37.98127365112305, "_step": 5, "final_val_loss": 2.302764095829322, "final_val_accuracy": 0.0925, "_wandb": {"runtime": 36}}