{"epoch": 10, "loss": 0.007127616546992245, "accuracy": 0.900489033787789, "val_loss": 0.008547486734625407, "val_accuracy": 0.8818333333333334, "_timestamp": 1741541646.2250292, "_runtime": 151.5725553035736, "_step": 10, "final_val_loss": 0.008547486734625407, "final_val_accuracy": 0.8818333333333334, "_wandb": {"runtime": 150}}