{"epoch": 5, "loss": 0.3084677602323886, "accuracy": 0.8859912514827996, "val_loss": 0.34417353740682644, "val_accuracy": 0.8746666666666667, "_timestamp": 1741512336.3407478, "_runtime": 33.32506275177002, "_step": 5, "final_val_loss": 0.34417353740682644, "final_val_accuracy": 0.8746666666666667, "_wandb": {"runtime": 31}}