{"epoch": 5, "loss": 0.28431209200697316, "accuracy": 0.8940539739027283, "val_loss": 0.3294877087231087, "val_accuracy": 0.8791666666666667, "_timestamp": 1741514402.5326452, "_runtime": 33.577943325042725, "_step": 5, "final_val_loss": 0.3294877087231087, "final_val_accuracy": 0.8791666666666667, "_wandb": {"runtime": 32}}