{"epoch": 5, "loss": 0.5442833894322601, "accuracy": 0.8215450771055753, "val_loss": 0.5428424118154024, "val_accuracy": 0.8238333333333333, "_timestamp": 1741513874.9786701, "_runtime": 10.795528173446655, "_step": 5, "final_val_loss": 0.5428424118154024, "final_val_accuracy": 0.8238333333333333, "_wandb": {"runtime": 9}}