{"epoch": 5, "loss": 0.41334225113604434, "accuracy": 0.8476770895080024, "val_loss": 0.4361932294607368, "val_accuracy": 0.8493333333333334, "_timestamp": 1741539694.8106909, "_runtime": 165.60290479660034, "_step": 5, "final_val_loss": 0.4361932294607368, "final_val_accuracy": 0.8493333333333334, "_wandb": {"runtime": 163}}