{"epoch": 5, "loss": 0.3166542656538988, "accuracy": 0.8831739323843416, "val_loss": 0.3536701076407065, "val_accuracy": 0.8658333333333333, "_timestamp": 1741550968.7980566, "_runtime": 35.58556056022644, "_step": 5, "Confusion Matrix": {"_type": "image-file", "sha256": "9addf7a05e1a83a8bace2d24ba0fde8648267e8a524c4181c55b34eac70f57ed", "size": 26657, "path": "media/images/Confusion Matrix_5_9addf7a05e1a83a8bace.png", "format": "png", "width": 576, "height": 432}, "_wandb": {"runtime": 34}}