{"epoch": 10, "loss": 0.2896851855654552, "accuracy": 0.8936721991701245, "val_loss": 0.3322093285110082, "val_accuracy": 0.8778333333333334, "_timestamp": 1742142484.5960467, "_runtime": 114.00071263313293, "_step": 10, "final_val_loss": 0.3322093285110082, "final_val_accuracy": 0.8778333333333334, "_wandb": {"runtime": 112}}