{"epoch": 5, "loss": 2.3026081387559656, "accuracy": 0.09994444444444445, "val_loss": 2.3027911652672035, "val_accuracy": 0.0925, "_timestamp": 1741509220.2632113, "_runtime": 28.128403186798096, "_step": 5, "final_val_loss": 2.3027911652672035, "final_val_accuracy": 0.0925, "_wandb": {"runtime": 26}}