{"epoch": 5, "loss": 2.3036525253494133, "accuracy": 0.10025578291814946, "val_loss": 2.3036754343597363, "val_accuracy": 0.09733333333333333, "_timestamp": 1741526369.8333097, "_runtime": 32.202436685562134, "_step": 5, "final_val_loss": 2.3036754343597363, "final_val_accuracy": 0.09733333333333333, "_wandb": {"runtime": 30}}