{"epoch": 10, "loss": 0.29638529545247505, "accuracy": 0.8927962962962963, "val_loss": 0.3342156348550363, "val_accuracy": 0.8771666666666667, "_timestamp": 1741680482.1376095, "_runtime": 249.91350150108337, "_step": 10, "final_val_loss": 0.3342156348550363, "final_val_accuracy": 0.8771666666666667, "_wandb": {"runtime": 248}}