{"epoch": 10, "loss": 0.28736604922677944, "accuracy": 0.8934264941302028, "_timestamp": 1741556642.4677556, "_runtime": 82.55140662193298, "_step": 10, "Confusion Matrix": {"_type": "image-file", "sha256": "a8814a9018711185b9b0c593c61cc82844e9284968bde696c2f96e0d19080ec1", "size": 27808, "path": "media/images/Confusion Matrix_10_a8814a9018711185b9b0.png", "format": "png", "width": 576, "height": 432}, "_wandb": {"runtime": 80}}