{"epoch": 5, "loss": 2.317449373147486, "accuracy": 0.16442393238434164, "val_loss": 2.316573230541794, "val_accuracy": 0.16766666666666666, "_timestamp": 1741513216.6921878, "_runtime": 866.0872187614441, "_step": 5, "final_val_loss": 2.316573230541794, "final_val_accuracy": 0.16766666666666666, "_wandb": {"runtime": 42}}