{"epoch": 5, "loss": 0.00787272672993304, "accuracy": 0.8898377296976882, "val_loss": 0.00970399961011897, "val_accuracy": 0.8636666666666667, "_timestamp": 1741531693.0278656, "_runtime": 70.89285969734192, "_step": 5, "final_val_loss": 0.00970399961011897, "final_val_accuracy": 0.8636666666666667, "_wandb": {"runtime": 69}}