{"epoch": 10, "loss": 0.006765744543288999, "accuracy": 0.9053047153024911, "val_loss": 0.008509081004888659, "val_accuracy": 0.8813333333333333, "_timestamp": 1741530041.8949163, "_runtime": 71.18954730033875, "_step": 10, "final_val_loss": 0.008509081004888659, "final_val_accuracy": 0.8813333333333333, "_wandb": {"runtime": 68}}