{"epoch": 5, "loss": 0.3179806742700761, "accuracy": 0.8832666073546857, "val_loss": 0.39621903205454373, "val_accuracy": 0.8516666666666667, "_timestamp": 1741457038.1089833, "_runtime": 32.02622032165527, "_step": 5, "final_val_loss": 0.39621903205454373, "final_val_accuracy": 0.8516666666666667, "_wandb": {"runtime": 29}}