{"epoch": 5, "loss": 2.3026038895842436, "accuracy": 0.09997775800711743, "val_loss": 2.3027726070724177, "val_accuracy": 0.0925, "_timestamp": 1741557542.5348852, "_runtime": 33.47392225265503, "_step": 5, "final_val_loss": 2.3027726070724177, "final_val_accuracy": 0.0925, "_wandb": {"runtime": 32}}