{"epoch": 10, "loss": 0.32041769875679715, "accuracy": 0.8851386417556346, "val_loss": 0.3368543503506864, "val_accuracy": 0.8771666666666667, "_timestamp": 1741584087.5409276, "_runtime": 44.51040554046631, "_step": 10, "final_val_loss": 0.3368543503506864, "final_val_accuracy": 0.8771666666666667, "_wandb": {"runtime": 43}}