{"epoch": 10, "loss": 0.29242111528531994, "accuracy": 0.8913478647686833, "val_loss": 0.34297122825343407, "val_accuracy": 0.8736666666666667, "_timestamp": 1742142051.1700609, "_runtime": 23.155348777770996, "_step": 10, "final_val_loss": 0.34297122825343407, "final_val_accuracy": 0.8736666666666667, "_wandb": {"runtime": 22}}