{"epoch": 10, "loss": 0.28189241369521956, "accuracy": 0.8967600830367735, "val_loss": 0.3310130767459098, "val_accuracy": 0.8826666666666667, "_timestamp": 1742141938.3821197, "_runtime": 23.725531578063965, "_step": 10, "final_val_loss": 0.3310130767459098, "final_val_accuracy": 0.8826666666666667, "_wandb": {"runtime": 22}}