{"epoch": 5, "loss": 0.33545238003147987, "accuracy": 0.8802592592592593, "val_loss": 0.3477105822110776, "val_accuracy": 0.8773333333333333, "_timestamp": 1741514328.6509955, "_runtime": 74.39780259132385, "_step": 5, "final_val_loss": 0.3477105822110776, "final_val_accuracy": 0.8773333333333333, "_wandb": {"runtime": 72}}