{"epoch": 10, "loss": 0.012801678146366199, "accuracy": 0.8102400711321873, "val_loss": 0.012211254740520832, "val_accuracy": 0.8153333333333334, "_timestamp": 1741540634.0948818, "_runtime": 43.50747776031494, "_step": 10, "final_val_loss": 0.012211254740520832, "final_val_accuracy": 0.8153333333333334, "_wandb": {"runtime": 41}}