{"epoch": 10, "loss": 0.007788037464654914, "accuracy": 0.8905972139893301, "val_loss": 0.008750191851566985, "val_accuracy": 0.8788333333333334, "_timestamp": 1741538349.5889966, "_runtime": 6144.513918638229, "_step": 10, "final_val_loss": 0.008750191851566985, "final_val_accuracy": 0.8788333333333334, "_wandb": {"runtime": 6143}}