{"epoch": 10, "loss": 0.29287436450141846, "accuracy": 0.8888518518518519, "val_loss": 0.3600135627229933, "val_accuracy": 0.8691666666666666, "_timestamp": 1741679382.8122017, "_runtime": 487.9625427722931, "_step": 10, "final_val_loss": 0.3600135627229933, "final_val_accuracy": 0.8691666666666666, "_wandb": {"runtime": 486}}