{"epoch": 5, "loss": 0.33700168643024914, "accuracy": 0.8755189798339265, "val_loss": 0.3607959390789153, "val_accuracy": 0.8661666666666666, "_timestamp": 1741514239.003237, "_runtime": 31.566881895065308, "_step": 5, "final_val_loss": 0.3607959390789153, "final_val_accuracy": 0.8661666666666666, "_wandb": {"runtime": 30}}