{"epoch": 10, "loss": 0.007693474338014203, "accuracy": 0.8934052491103203, "val_loss": 0.008811398232646766, "val_accuracy": 0.8753333333333333, "_timestamp": 1741544498.9893842, "_runtime": 80.80722117424011, "_step": 10, "final_val_loss": 0.008811398232646766, "final_val_accuracy": 0.8753333333333333, "_wandb": {"runtime": 79}}