{"epoch": 10, "loss": 0.3103529130583904, "accuracy": 0.8887344306049823, "val_loss": 0.3364645628641357, "val_accuracy": 0.8733333333333333, "_timestamp": 1741678740.1949599, "_runtime": 129.70762395858765, "_step": 10, "final_val_loss": 0.3364645628641357, "final_val_accuracy": 0.8733333333333333, "_wandb": {"runtime": 127}}