{"epoch": 10, "loss": 0.34069451782140625, "accuracy": 0.8738333333333334, "val_loss": 0.3278831250331758, "val_accuracy": 0.8786666666666667, "_timestamp": 1742134653.7127209, "_runtime": 232.8226728439331, "_step": 10, "final_val_loss": 0.3278831250331758, "final_val_accuracy": 0.8786666666666667, "_wandb": {"runtime": 231}}