{"epoch": 10, "loss": 0.2454159766624841, "accuracy": 0.9087892941874258, "val_loss": 0.32831354049436884, "val_accuracy": 0.8858333333333334, "_timestamp": 1741531298.9562817, "_runtime": 65.69637274742126, "_step": 10, "final_val_loss": 0.32831354049436884, "final_val_accuracy": 0.8858333333333334, "_wandb": {"runtime": 64}}