{"epoch": 10, "loss": 0.31918364930998777, "accuracy": 0.8820185185185185, "val_loss": 0.3354388292281714, "val_accuracy": 0.8688333333333333, "_timestamp": 1742146795.160592, "_runtime": 209.5713951587677, "_step": 10, "final_val_loss": 0.3354388292281714, "final_val_accuracy": 0.8688333333333333, "_wandb": {"runtime": 208}}