{"epoch": 10, "loss": 0.008313528489619821, "accuracy": 0.8827986069946651, "val_loss": 0.00930616194962848, "val_accuracy": 0.8748333333333334, "_timestamp": 1741529793.218027, "_runtime": 153.1274130344391, "_step": 10, "final_val_loss": 0.00930616194962848, "final_val_accuracy": 0.8748333333333334, "_wandb": {"runtime": 151}}