{"epoch": 5, "loss": 0.020974464124044932, "accuracy": 0.683107206405694, "val_loss": 0.020944604496616923, "val_accuracy": 0.6841666666666667, "_timestamp": 1741545612.7782364, "_runtime": 40.86847543716431, "_step": 5, "final_val_loss": 0.020944604496616923, "final_val_accuracy": 0.6841666666666667, "_wandb": {"runtime": 39}}