{"epoch": 10, "loss": 0.28683259320389803, "accuracy": 0.8926638493475683, "val_loss": 0.32753382976849993, "val_accuracy": 0.8783333333333333, "_timestamp": 1741553692.713609, "_runtime": 73.96485686302185, "_step": 10, "Confusion Matrix": {"_type": "image-file", "sha256": "d1ef78fc21d1192e0ed5d391818e5a7cfdda3795df7041efe9ceab5931f86a79", "size": 27900, "path": "media/images/Confusion Matrix_10_d1ef78fc21d1192e0ed5.png", "format": "png", "width": 576, "height": 432}, "_wandb": {"runtime": 72}}