{"epoch": 10, "loss": 0.2840965289045862, "accuracy": 0.8952587485172004, "val_loss": 0.32062549939033175, "val_accuracy": 0.8838333333333334, "_timestamp": 1741556158.1249757, "_runtime": 63.6429545879364, "_step": 10, "Confusion Matrix": {"_type": "image-file", "sha256": "4093b74f5817a415ca1872394c55e1d0699a713c9984cd765ad5d33abe91239d", "size": 28070, "path": "media/images/Confusion Matrix_10_4093b74f5817a415ca18.png", "format": "png", "width": 576, "height": 432}, "_wandb": {"runtime": 62}}