{"epoch": 10, "loss": 0.3092039482520633, "accuracy": 0.8856481481481482, "val_loss": 0.3513910042365745, "val_accuracy": 0.8728333333333333, "_timestamp": 1742144180.198956, "_runtime": 290.53084993362427, "_step": 10, "final_val_loss": 0.3513910042365745, "final_val_accuracy": 0.8728333333333333, "_wandb": {"runtime": 289}}