{"epoch": 10, "loss": 0.2932866551047045, "accuracy": 0.8914678423236515, "val_loss": 0.3252017644588192, "val_accuracy": 0.8815, "_timestamp": 1741556328.6842506, "_runtime": 46.196953535079956, "_step": 10, "Confusion Matrix": {"_type": "image-file", "sha256": "76f9125c17b37e41b69b02a3bb28f087843de5e4bb13518c271e8c12b17831f6", "size": 28126, "path": "media/images/Confusion Matrix_10_76f9125c17b37e41b69b.png", "format": "png", "width": 576, "height": 432}, "_wandb": {"runtime": 45}}