{"epoch": 5, "loss": 0.010264976794190864, "accuracy": 0.8580740740740741, "val_loss": 0.011389490130108345, "val_accuracy": 0.8341666666666666, "_timestamp": 1741539147.4289255, "_runtime": 296.8845555782318, "_step": 5, "final_val_loss": 0.011389490130108345, "final_val_accuracy": 0.8341666666666666, "_wandb": {"runtime": 292}}