{"epoch": 10, "loss": 0.44566204227058415, "accuracy": 0.843462962962963, "val_loss": 0.4531911008972019, "val_accuracy": 0.8371666666666666, "_timestamp": 1741613767.2971914, "_runtime": 89.47562026977539, "_step": 10, "final_val_loss": 0.4531911008972019, "final_val_accuracy": 0.8371666666666666, "_wandb": {"runtime": 87}}