{"epoch": 10, "loss": 0.2909000608128269, "accuracy": 0.8926267793594306, "val_loss": 0.32643060276375674, "val_accuracy": 0.8803333333333333, "_timestamp": 1742126492.1848688, "_runtime": 25.081700801849365, "_step": 10, "final_val_loss": 0.32643060276375674, "final_val_accuracy": 0.8803333333333333, "_wandb": {"runtime": 24}}