{"epoch": 10, "loss": 0.3285624800927544, "accuracy": 0.8786481481481482, "val_loss": 0.385400468143544, "val_accuracy": 0.8551666666666666, "_timestamp": 1742135903.0775034, "_runtime": 136.96120142936707, "_step": 10, "final_val_loss": 0.385400468143544, "final_val_accuracy": 0.8551666666666666, "_wandb": {"runtime": 135}}