{"epoch": 5, "loss": 0.33950451003162707, "accuracy": 0.8747777119146414, "val_loss": 0.3715454299265483, "val_accuracy": 0.8596666666666667, "_timestamp": 1741515515.4172435, "_runtime": 22.56942653656006, "_step": 5, "final_val_loss": 0.3715454299265483, "final_val_accuracy": 0.8596666666666667, "_wandb": {"runtime": 21}}