{"epoch": 5, "loss": 0.3604668994579425, "accuracy": 0.8718861209964412, "val_loss": 0.39902888035413436, "val_accuracy": 0.8528333333333333, "_timestamp": 1741515887.639353, "_runtime": 41.59880709648132, "_step": 5, "final_val_loss": 0.39902888035413436, "final_val_accuracy": 0.8528333333333333, "_wandb": {"runtime": 37}}