{"epoch": 10, "loss": 0.3006717810629069, "accuracy": 0.8896895376407824, "val_loss": 0.3382278092259396, "val_accuracy": 0.8811666666666667, "_timestamp": 1741557880.1445792, "_runtime": 83.88668513298035, "_step": 10, "final_val_loss": 0.3382278092259396, "final_val_accuracy": 0.8811666666666667, "_wandb": {"runtime": 83}}