{"epoch": 10, "loss": 0.2890991878476373, "accuracy": 0.8928148148148148, "val_loss": 0.3282927676395845, "val_accuracy": 0.8776666666666667, "_timestamp": 1741520161.3353772, "_runtime": 61.48042821884155, "_step": 10, "final_val_loss": 0.3282927676395845, "final_val_accuracy": 0.8776666666666667, "_wandb": {"runtime": 59}}