{"epoch": 5, "loss": 0.36622267331559305, "accuracy": 0.8690537937166568, "val_loss": 0.3701920387675511, "val_accuracy": 0.8656666666666667, "_timestamp": 1741514083.0149696, "_runtime": 20.351605653762817, "_step": 5, "final_val_loss": 0.3701920387675511, "final_val_accuracy": 0.8656666666666667, "_wandb": {"runtime": 19}}