{"epoch": 10, "loss": 0.29988697404372244, "accuracy": 0.889790925266904, "val_loss": 0.35836840209182613, "val_accuracy": 0.8653333333333333, "_timestamp": 1742126630.6977813, "_runtime": 14.894734382629395, "_step": 10, "final_val_loss": 0.35836840209182613, "final_val_accuracy": 0.8653333333333333, "_wandb": {"runtime": 14}}