{"epoch": 10, "loss": 0.2377609166277905, "accuracy": 0.91073546856465, "val_loss": 0.31802791923024815, "val_accuracy": 0.8898333333333334, "_timestamp": 1741539344.651836, "_runtime": 174.0124340057373, "_step": 10, "final_val_loss": 0.31802791923024815, "final_val_accuracy": 0.8898333333333334, "_wandb": {"runtime": 171}}