{"epoch": 10, "loss": 0.30553152357216967, "accuracy": 0.8870776526378186, "val_loss": 0.408277076152514, "val_accuracy": 0.8501666666666666, "_timestamp": 1742126856.6091986, "_runtime": 92.02831363677979, "_step": 10, "final_val_loss": 0.408277076152514, "final_val_accuracy": 0.8501666666666666, "_wandb": {"runtime": 90}}