{"epoch": 10, "loss": 0.007526611512209938, "accuracy": 0.8947465915826912, "val_loss": 0.008766739744246506, "val_accuracy": 0.8743333333333333, "_timestamp": 1741548901.9825037, "_runtime": 141.11431574821472, "_step": 10, "final_val_loss": 0.008766739744246506, "final_val_accuracy": 0.8743333333333333, "_wandb": {"runtime": 139}}