{"epoch": 1, "loss": 0.01252542366857695, "accuracy": 0.8233615065243179, "val_loss": 0.010743691319175313, "val_accuracy": 0.8535, "_timestamp": 1742218091.8083603, "_runtime": 17.52229142189026, "_step": 0, "_wandb": {"runtime": 79}}