{"epoch": 5, "loss": 0.04500105050312735, "accuracy": 0.09745480142264375, "val_loss": 0.045001832635260836, "val_accuracy": 0.09416666666666666, "_timestamp": 1741519698.6899617, "_runtime": 19.277435779571533, "_step": 5, "final_val_loss": 0.045001832635260836, "final_val_accuracy": 0.09416666666666666, "_wandb": {"runtime": 17}}