{"epoch": 5, "loss": 0.3302641136104652, "accuracy": 0.8795198577356254, "val_loss": 0.3472325705593481, "val_accuracy": 0.8731666666666666, "_timestamp": 1741514196.7678623, "_runtime": 13.65463137626648, "_step": 5, "final_val_loss": 0.3472325705593481, "final_val_accuracy": 0.8731666666666666, "_wandb": {"runtime": 12}}