{"epoch": 5, "loss": 0.3619285032372116, "accuracy": 0.8700170420865442, "val_loss": 0.36592414577598265, "val_accuracy": 0.8651666666666666, "_timestamp": 1741514169.8075218, "_runtime": 21.29127287864685, "_step": 5, "final_val_loss": 0.36592414577598265, "final_val_accuracy": 0.8651666666666666, "_wandb": {"runtime": 20}}