{"epoch": 5, "loss": 0.38887318746309796, "accuracy": 0.8629444444444444, "val_loss": 0.39592201573565794, "val_accuracy": 0.8553333333333333, "_timestamp": 1741509257.1824794, "_runtime": 22.349305391311646, "_step": 5, "final_val_loss": 0.39592201573565794, "final_val_accuracy": 0.8553333333333333, "_wandb": {"runtime": 20}}