{"epoch": 5, "loss": 0.31552401793700763, "accuracy": 0.885669828097214, "val_loss": 0.3452958782223754, "val_accuracy": 0.8728333333333333, "_timestamp": 1741514108.1510906, "_runtime": 13.039098739624023, "_step": 5, "final_val_loss": 0.3452958782223754, "final_val_accuracy": 0.8728333333333333, "_wandb": {"runtime": 11}}