{"epoch": 5, "loss": 0.39804956296263727, "accuracy": 0.8610514226437463, "val_loss": 0.40637207205624765, "val_accuracy": 0.8513333333333334, "_timestamp": 1741516062.4032676, "_runtime": 18.341652631759644, "_step": 5, "final_val_loss": 0.40637207205624765, "final_val_accuracy": 0.8513333333333334, "_wandb": {"runtime": 16}}