{"epoch": 10, "loss": 0.32568437769978237, "accuracy": 0.8794259259259259, "val_loss": 0.37184501067229797, "val_accuracy": 0.8631666666666666, "_timestamp": 1742147644.1297638, "_runtime": 124.64055585861206, "_step": 10, "final_val_loss": 0.37184501067229797, "final_val_accuracy": 0.8631666666666666, "_wandb": {"runtime": 123}}