{"epoch": 5, "loss": 0.3296019855662486, "accuracy": 0.8800185185185185, "val_loss": 0.35746158448569515, "val_accuracy": 0.8703333333333333, "_timestamp": 1741625758.9517612, "_runtime": 84.06819415092468, "_step": 5, "final_val_loss": 0.35746158448569515, "final_val_accuracy": 0.8703333333333333, "_wandb": {"runtime": 82}}