{"epoch": 10, "loss": 0.3169881703470471, "accuracy": 0.8810203023117961, "val_loss": 0.3617725923410934, "val_accuracy": 0.8633333333333333, "_timestamp": 1742126957.1698349, "_runtime": 87.39229393005371, "_step": 10, "final_val_loss": 0.3617725923410934, "final_val_accuracy": 0.8633333333333333, "_wandb": {"runtime": 86}}