{"epoch": 10, "loss": 0.3539989360222495, "accuracy": 0.8750370699881376, "val_loss": 0.3686638356229431, "val_accuracy": 0.8706666666666667, "_timestamp": 1741557718.0493517, "_runtime": 27.879159688949585, "_step": 10, "final_val_loss": 0.3686638356229431, "final_val_accuracy": 0.8706666666666667, "_wandb": {"runtime": 27}}