{"epoch": 5, "loss": 0.30219355830892897, "accuracy": 0.8876223309608541, "val_loss": 0.36096779742353213, "val_accuracy": 0.8723333333333333, "_timestamp": 1741531222.776775, "_runtime": 33.47058892250061, "_step": 5, "final_val_loss": 0.36096779742353213, "final_val_accuracy": 0.8723333333333333, "_wandb": {"runtime": 32}}