{"epoch": 10, "loss": 0.006831860043852115, "accuracy": 0.9040258007117438, "val_loss": 0.008267488615581586, "val_accuracy": 0.8853333333333333, "_timestamp": 1741531939.8208792, "_runtime": 26.19710421562195, "_step": 10, "final_val_loss": 0.008267488615581586, "final_val_accuracy": 0.8853333333333333, "_wandb": {"runtime": 24}}