{"epoch": 10, "loss": 0.2998554867489425, "accuracy": 0.8932755041518387, "val_loss": 0.37965777308762244, "val_accuracy": 0.8768333333333334, "_timestamp": 1741456842.1294405, "_runtime": 113.92448163032532, "_step": 10, "final_val_loss": 0.37965777308762244, "final_val_accuracy": 0.8768333333333334, "_wandb": {"runtime": 109}}