{"epoch": 10, "loss": 0.2821504645134078, "accuracy": 0.8949251186239621, "val_loss": 0.3295613216544994, "val_accuracy": 0.8768333333333334, "_timestamp": 1742141525.6872034, "_runtime": 81.89064836502075, "_step": 10, "final_val_loss": 0.3295613216544994, "final_val_accuracy": 0.8768333333333334, "_wandb": {"runtime": 80}}