{"epoch": 10, "loss": 0.009457460678100969, "accuracy": 0.8686833135743924, "val_loss": 0.010042181766457204, "val_accuracy": 0.8576666666666667, "_timestamp": 1741548012.760589, "_runtime": 159.88796281814575, "_step": 10, "final_val_loss": 0.010042181766457204, "final_val_accuracy": 0.8576666666666667, "_wandb": {"runtime": 158}}