{"epoch": 5, "loss": 0.3386301443566834, "accuracy": 0.8770746887966805, "val_loss": 0.3426185754072688, "val_accuracy": 0.8746666666666667, "_timestamp": 1741513981.4794245, "_runtime": 14.555991411209106, "_step": 5, "final_val_loss": 0.3426185754072688, "final_val_accuracy": 0.8746666666666667, "_wandb": {"runtime": 13}}