{"epoch": 10, "loss": 0.32007213226406167, "accuracy": 0.8826874629519857, "val_loss": 0.36788952001303965, "val_accuracy": 0.8651666666666666, "_timestamp": 1742143781.3677166, "_runtime": 45.30972361564636, "_step": 10, "final_val_loss": 0.36788952001303965, "final_val_accuracy": 0.8651666666666666, "_wandb": {"runtime": 44}}