{"epoch": 10, "loss": 0.25229509362040903, "accuracy": 0.905074074074074, "val_loss": 0.3391728656637877, "val_accuracy": 0.8853333333333333, "_timestamp": 1742152149.2764351, "_runtime": 249.07925510406494, "_step": 10, "Confusion Matrix": {"_type": "image-file", "sha256": "2489ef4e88558bd2794fa7c0719b983d6c68b02c647d784ee9e5b1b8dd114b27", "size": 26298, "path": "media/images/Confusion Matrix_10_2489ef4e88558bd2794f.png", "format": "png", "width": 576, "height": 432}, "_wandb": {"runtime": 247}}