{"epoch": 5, "loss": 0.013621853341899155, "accuracy": 0.8104438352104327, "val_loss": 0.013247398215316383, "val_accuracy": 0.8136666666666666, "_timestamp": 1741526296.8828795, "_runtime": 3725.5816645622253, "_step": 5, "final_val_loss": 0.013247398215316383, "final_val_accuracy": 0.8136666666666666, "_wandb": {"runtime": 3724}}