{"epoch": 10, "loss": 0.006826448745225359, "accuracy": 0.9041197391819799, "val_loss": 0.0093115459987215, "val_accuracy": 0.8711666666666666, "_timestamp": 1741530753.266837, "_runtime": 539.4557998180389, "_step": 10, "final_val_loss": 0.0093115459987215, "final_val_accuracy": 0.8711666666666666, "_wandb": {"runtime": 538}}