{"epoch": 10, "loss": 0.28409580624142544, "accuracy": 0.896080320094843, "val_loss": 0.33019988479748663, "val_accuracy": 0.8811666666666667, "_timestamp": 1741584400.7461426, "_runtime": 85.96654653549194, "_step": 10, "final_val_loss": 0.33019988479748663, "final_val_accuracy": 0.8811666666666667, "_wandb": {"runtime": 85}}