{"epoch": 10, "loss": 0.3000399846646411, "accuracy": 0.8894116775340841, "val_loss": 0.35119068175538354, "val_accuracy": 0.8741666666666666, "_timestamp": 1742143639.9790642, "_runtime": 25.45803713798523, "_step": 10, "final_val_loss": 0.35119068175538354, "final_val_accuracy": 0.8741666666666666, "_wandb": {"runtime": 24}}