{"epoch": 10, "loss": 0.008955442358652699, "accuracy": 0.8785772538552787, "val_loss": 0.010547948534352359, "val_accuracy": 0.8613333333333333, "_timestamp": 1741541177.697406, "_runtime": 94.0936770439148, "_step": 10, "final_val_loss": 0.010547948534352359, "final_val_accuracy": 0.8613333333333333, "_wandb": {"runtime": 90}}