{"epoch": 5, "loss": 1.2113632373580707, "accuracy": 0.6637037037037037, "val_loss": 1.1496146341831261, "val_accuracy": 0.6838333333333333, "_timestamp": 1741526793.915218, "_runtime": 20.723193168640137, "_step": 5, "final_val_loss": 1.1496146341831261, "final_val_accuracy": 0.6838333333333333, "_wandb": {"runtime": 19}}