{"epoch": 10, "loss": 0.28799050234150475, "accuracy": 0.8919780545670225, "val_loss": 0.3245353931459049, "val_accuracy": 0.8831666666666667, "_timestamp": 1742141899.7762513, "_runtime": 69.32998442649841, "_step": 10, "final_val_loss": 0.3245353931459049, "final_val_accuracy": 0.8831666666666667, "_wandb": {"runtime": 68}}