{"epoch": 5, "loss": 0.33087374558949995, "accuracy": 0.8825577949021932, "val_loss": 0.35011768815173383, "val_accuracy": 0.8738333333333334, "_timestamp": 1741520444.8165486, "_runtime": 13.631632566452026, "_step": 5, "final_val_loss": 0.35011768815173383, "final_val_accuracy": 0.8738333333333334, "_wandb": {"runtime": 12}}