{"epoch": 5, "loss": 0.3597702867847475, "accuracy": 0.8682222222222222, "val_loss": 0.38937939552382494, "val_accuracy": 0.8606666666666667, "_timestamp": 1741515031.4065833, "_runtime": 30.382517337799072, "_step": 5, "final_val_loss": 0.38937939552382494, "final_val_accuracy": 0.8606666666666667, "_wandb": {"runtime": 29}}