{"epoch": 10, "loss": 0.007241673050278227, "accuracy": 0.8987803973902728, "val_loss": 0.008561834689231858, "val_accuracy": 0.8811666666666667, "_timestamp": 1741541925.503541, "_runtime": 90.53963303565979, "_step": 10, "final_val_loss": 0.008561834689231858, "final_val_accuracy": 0.8811666666666667, "_wandb": {"runtime": 88}}