{"epoch": 10, "loss": 0.3214654469236074, "accuracy": 0.8830023710729105, "val_loss": 0.3663326566608124, "val_accuracy": 0.8651666666666666, "_timestamp": 1742127402.3403642, "_runtime": 165.44015312194824, "_step": 10, "final_val_loss": 0.3663326566608124, "final_val_accuracy": 0.8651666666666666, "_wandb": {"runtime": 164}}