{"epoch": 10, "loss": 0.31960846342073024, "accuracy": 0.8832592592592593, "val_loss": 0.34703754096016953, "val_accuracy": 0.8746666666666667, "_timestamp": 1742145412.3710952, "_runtime": 353.5631260871887, "_step": 10, "final_val_loss": 0.34703754096016953, "final_val_accuracy": 0.8746666666666667, "_wandb": {"runtime": 352}}