{"epoch": 10, "loss": 0.008676607165971522, "accuracy": 0.876945020746888, "val_loss": 0.008995594053867094, "val_accuracy": 0.8741666666666666, "_timestamp": 1741522456.7610214, "_runtime": 121.71962332725525, "_step": 10, "final_val_loss": 0.008995594053867094, "final_val_accuracy": 0.8741666666666666, "_wandb": {"runtime": 119}}