{"epoch": 5, "loss": 0.009788114959456902, "accuracy": 0.8637744516893895, "val_loss": 0.009900878989632976, "val_accuracy": 0.8636666666666667, "_timestamp": 1741541966.3275635, "_runtime": 25.913090467453003, "_step": 5, "final_val_loss": 0.009900878989632976, "final_val_accuracy": 0.8636666666666667, "_wandb": {"runtime": 24}}