{"epoch": 10, "loss": 0.28099985138551126, "accuracy": 0.8951290035587188, "val_loss": 0.3424062441610459, "val_accuracy": 0.8738333333333334, "_timestamp": 1742141729.0100513, "_runtime": 67.16515326499939, "_step": 10, "final_val_loss": 0.3424062441610459, "final_val_accuracy": 0.8738333333333334, "_wandb": {"runtime": 65}}