{"epoch": 10, "loss": 0.31600420919908706, "accuracy": 0.8842592592592593, "val_loss": 0.35071295098867267, "val_accuracy": 0.8743333333333333, "_timestamp": 1742147116.2593706, "_runtime": 304.34089159965515, "_step": 10, "final_val_loss": 0.35071295098867267, "final_val_accuracy": 0.8743333333333333, "_wandb": {"runtime": 303}}