{"epoch": 10, "loss": 0.01958575960326559, "accuracy": 0.713226571767497, "val_loss": 0.019447393169805153, "val_accuracy": 0.7231666666666666, "_timestamp": 1741542295.3002126, "_runtime": 31.08871054649353, "_step": 10, "final_val_loss": 0.019447393169805153, "final_val_accuracy": 0.7231666666666666, "_wandb": {"runtime": 29}}