{"epoch": 10, "loss": 0.2680600620336742, "accuracy": 0.9000259336099585, "val_loss": 0.34170409906675675, "val_accuracy": 0.8741666666666666, "_timestamp": 1741543751.6484067, "_runtime": 167.91029977798462, "_step": 10, "final_val_loss": 0.34170409906675675, "final_val_accuracy": 0.8741666666666666, "_wandb": {"runtime": 166}}