{"epoch": 10, "loss": 0.29061494445025765, "accuracy": 0.8923755186721992, "val_loss": 0.33088466540493056, "val_accuracy": 0.8778333333333334, "_timestamp": 1742127586.991953, "_runtime": 36.00555181503296, "_step": 10, "final_val_loss": 0.33088466540493056, "final_val_accuracy": 0.8778333333333334, "_wandb": {"runtime": 35}}