{"epoch": 5, "loss": 0.6086234092288112, "accuracy": 0.7930683165382335, "val_loss": 0.5533163689630751, "val_accuracy": 0.8261666666666667, "_timestamp": 1741456310.2778387, "_runtime": 21.359386682510376, "_step": 5, "final_val_loss": 0.5533163689630751, "final_val_accuracy": 0.8261666666666667, "_wandb": {"runtime": 19}}