{"epoch": 5, "loss": 0.30250047961304954, "accuracy": 0.8898192056905749, "val_loss": 0.363190295701859, "val_accuracy": 0.8768333333333334, "_timestamp": 1741513954.7486978, "_runtime": 67.95315670967102, "_step": 5, "final_val_loss": 0.363190295701859, "final_val_accuracy": 0.8768333333333334, "_wandb": {"runtime": 66}}