{"epoch": 5, "loss": 0.37260068057032125, "accuracy": 0.8681111111111111, "val_loss": 0.3776762919595503, "val_accuracy": 0.8636666666666667, "_timestamp": 1741509344.0718617, "_runtime": 28.881926774978638, "_step": 5, "final_val_loss": 0.3776762919595503, "final_val_accuracy": 0.8636666666666667, "_wandb": {"runtime": 27}}