{"epoch": 10, "loss": 0.3457864034061902, "accuracy": 0.8731111111111111, "val_loss": 0.3558082768554524, "val_accuracy": 0.8706666666666667, "_timestamp": 1742140626.80177, "_runtime": 4402.168427944183, "_step": 10, "final_val_loss": 0.3558082768554524, "final_val_accuracy": 0.8706666666666667, "_wandb": {"runtime": 4400}}