{"epoch": 5, "loss": 0.31303626544868896, "accuracy": 0.8869365361803084, "val_loss": 0.3541620408009823, "val_accuracy": 0.8706666666666667, "_timestamp": 1741514624.719479, "_runtime": 19.190242052078247, "_step": 5, "final_val_loss": 0.3541620408009823, "final_val_accuracy": 0.8706666666666667, "_wandb": {"runtime": 12}}