{"epoch": 5, "loss": 2.3027562374869155, "accuracy": 0.09821428571428571, "val_loss": 2.3029363173871653, "val_accuracy": 0.10266666666666667, "_timestamp": 1741514693.630538, "_runtime": 24.503962993621826, "_step": 5, "final_val_loss": 2.3029363173871653, "final_val_accuracy": 0.10266666666666667, "_wandb": {"runtime": 22}}