{"epoch": 10, "loss": 0.26977977437580075, "accuracy": 0.8996515421115066, "val_loss": 0.32816264365597, "val_accuracy": 0.8793333333333333, "_timestamp": 1742141646.7722034, "_runtime": 105.84346055984497, "_step": 10, "final_val_loss": 0.32816264365597, "final_val_accuracy": 0.8793333333333333, "_wandb": {"runtime": 104}}