{"epoch": 10, "loss": 0.006171356509135163, "accuracy": 0.9133489027283511, "val_loss": 0.008244352631027439, "val_accuracy": 0.8841666666666667, "_timestamp": 1741520526.581827, "_runtime": 67.87240886688232, "_step": 10, "final_val_loss": 0.008244352631027439, "final_val_accuracy": 0.8841666666666667, "_wandb": {"runtime": 66}}