{"epoch": 10, "loss": 0.312778178812111, "accuracy": 0.8843333333333333, "val_loss": 0.3492323283899146, "val_accuracy": 0.8748333333333334, "_timestamp": 1742144787.5695293, "_runtime": 340.1862533092499, "_step": 10, "final_val_loss": 0.3492323283899146, "final_val_accuracy": 0.8748333333333334, "_wandb": {"runtime": 339}}