{"epoch": 10, "loss": 0.02308758343375507, "accuracy": 0.9921596975088968, "val_loss": 0.08931176223524041, "val_accuracy": 0.9795, "_timestamp": 1742226849.337749, "_runtime": 85.58329892158508, "_step": 10, "Confusion Matrix": {"_type": "image-file", "sha256": "7f926cb30f52ef9d06f18cd1ae591ddcfcbfefa2001dabe92460d693111a0ad7", "size": 24966, "path": "media/images/Confusion Matrix_10_7f926cb30f52ef9d06f1.png", "format": "png", "width": 576, "height": 432}, "_wandb": {"runtime": 84}}