{"epoch": 10, "loss": 0.007776394054626222, "accuracy": 0.8921077995255041, "val_loss": 0.009000332707080904, "val_accuracy": 0.8736666666666667, "_timestamp": 1741548745.931626, "_runtime": 74.5270791053772, "_step": 10, "final_val_loss": 0.009000332707080904, "final_val_accuracy": 0.8736666666666667, "_wandb": {"runtime": 73}}