{"epoch": 5, "loss": 0.31523209582392714, "accuracy": 0.8866770462633452, "val_loss": 0.34174829327925366, "val_accuracy": 0.8763333333333333, "_timestamp": 1741513646.0992904, "_runtime": 11.149745464324951, "_step": 5, "final_val_loss": 0.34174829327925366, "final_val_accuracy": 0.8763333333333333, "_wandb": {"runtime": 10}}