{"epoch": 10, "loss": 0.32393718445051806, "accuracy": 0.881537037037037, "val_loss": 0.35486525793917434, "val_accuracy": 0.8663333333333333, "_timestamp": 1742147344.3987145, "_runtime": 210.37365865707397, "_step": 10, "final_val_loss": 0.35486525793917434, "final_val_accuracy": 0.8663333333333333, "_wandb": {"runtime": 208}}