{"epoch": 5, "loss": 0.4022784673277021, "accuracy": 0.860209074733096, "val_loss": 0.399063372549431, "val_accuracy": 0.8566666666666667, "_timestamp": 1741514828.580376, "_runtime": 16.000746965408325, "_step": 5, "final_val_loss": 0.399063372549431, "final_val_accuracy": 0.8566666666666667, "_wandb": {"runtime": 15}}