{"epoch": 10, "loss": 0.2949408174361641, "accuracy": 0.8906435349940688, "val_loss": 0.324222085037936, "val_accuracy": 0.8813333333333333, "_timestamp": 1742126576.7026763, "_runtime": 28.842785358428955, "_step": 10, "final_val_loss": 0.324222085037936, "final_val_accuracy": 0.8813333333333333, "_wandb": {"runtime": 27}}