{"epoch": 5, "loss": 2.3027668163298043, "accuracy": 0.09910343805572021, "val_loss": 2.3026045725258792, "val_accuracy": 0.10083333333333333, "_timestamp": 1741519959.6477115, "_runtime": 169.09421253204346, "_step": 5, "final_val_loss": 2.3026045725258792, "final_val_accuracy": 0.10083333333333333, "_wandb": {"runtime": 167}}