{"epoch": 5, "loss": 0.4390854606068875, "accuracy": 0.8549444444444444, "val_loss": 0.4653536127976051, "val_accuracy": 0.8531666666666666, "_timestamp": 1741515347.9795816, "_runtime": 25.829115629196167, "_step": 5, "final_val_loss": 0.4653536127976051, "final_val_accuracy": 0.8531666666666666, "_wandb": {"runtime": 22}}