{"epoch": 10, "loss": 0.22266163365446875, "accuracy": 0.9168890865954923, "val_loss": 0.34123758458829445, "val_accuracy": 0.8795, "_timestamp": 1742222267.5237277, "_runtime": 67.76266574859619, "_step": 10, "Confusion Matrix": {"_type": "image-file", "sha256": "8dd3c439c81f9f64072f4c67a2a31d636da026af118909d6dba00d4a6bbb2812", "size": 25756, "path": "media/images/Confusion Matrix_10_8dd3c439c81f9f64072f.png", "format": "png", "width": 576, "height": 432}, "_wandb": {"runtime": 67}}