{"epoch": 10, "loss": 0.014004017208412326, "accuracy": 0.9015791814946619, "val_loss": 0.016651215940203593, "val_accuracy": 0.8853333333333333, "_timestamp": 1742221217.2158103, "_runtime": 71.66871619224548, "_step": 10, "Confusion Matrix_table": {"_type": "table-file", "sha256": "a8f1f77c9d647317573e90eb4e4050cc46984dc948ed0264525c8b2dd148b7d5", "size": 1808, "artifact_path": "wandb-client-artifact://jpx3nwau56vq1okn7ly8wcdfqih5sqct1ituo1xdr284gjtcbhb5ok0dd5cplebmqn1ccq55wbwi3g68eadi1d3uiojdc4j02rtanzg4z6y9bfs331ksnbqzi6cuvi9c:latest/Confusion Matrix_table.table.json", "_latest_artifact_path": "wandb-client-artifact://jpx3nwau56vq1okn7ly8wcdfqih5sqct1ituo1xdr284gjtcbhb5ok0dd5cplebmqn1ccq55wbwi3g68eadi1d3uiojdc4j02rtanzg4z6y9bfs331ksnbqzi6cuvi9c:latest/Confusion Matrix_table.table.json", "path": "media/table/Confusion Matrix_table_10_a8f1f77c9d647317573e.table.json", "ncols": 3, "nrows": 100}, "_wandb": {"runtime": 70}}