{"epoch": 5, "loss": 0.04500496238908296, "accuracy": 0.09836247777119146, "val_loss": 0.04500363183867922, "val_accuracy": 0.09733333333333333, "_timestamp": 1741527066.3279698, "_runtime": 20.56580877304077, "_step": 5, "final_val_loss": 0.04500363183867922, "final_val_accuracy": 0.09733333333333333, "_wandb": {"runtime": 18}}