{"epoch": 5, "loss": 0.29773635349391936, "accuracy": 0.8900874851720048, "val_loss": 0.33176716671212164, "val_accuracy": 0.8776666666666667, "_timestamp": 1741456713.0939434, "_runtime": 30.714130401611328, "_step": 5, "final_val_loss": 0.33176716671212164, "final_val_accuracy": 0.8776666666666667, "_wandb": {"runtime": 28}}