{"epoch": 10, "loss": 0.28917907121171593, "accuracy": 0.8935905990510083, "val_loss": 0.3370291557133908, "val_accuracy": 0.8806666666666667, "_timestamp": 1741456355.865667, "_runtime": 24.702373027801514, "_step": 10, "final_val_loss": 0.3370291557133908, "final_val_accuracy": 0.8806666666666667, "_wandb": {"runtime": 23}}