{"epoch": 10, "loss": 0.2935967701155786, "accuracy": 0.8911254448398577, "val_loss": 0.3192503124675087, "val_accuracy": 0.8833333333333333, "_timestamp": 1741553776.501431, "_runtime": 29.746958017349243, "_step": 10, "Confusion Matrix": {"_type": "image-file", "sha256": "cb8600f9057199e6a8aa4bcb7ce5693539b49ec293377bf1fea45cfd09919fe6", "size": 27647, "path": "media/images/Confusion Matrix_10_cb8600f9057199e6a8aa.png", "format": "png", "width": 576, "height": 432}, "_wandb": {"runtime": 28}}