{"epoch": 5, "loss": 0.3437749168579653, "accuracy": 0.8769635447540012, "val_loss": 0.35055682438075403, "val_accuracy": 0.8711666666666666, "_timestamp": 1741625662.836438, "_runtime": 51.534077882766724, "_step": 5, "final_val_loss": 0.35055682438075403, "final_val_accuracy": 0.8711666666666666, "_wandb": {"runtime": 50}}