{"epoch": 10, "loss": 0.0062749363746909415, "accuracy": 0.9119402431791221, "val_loss": 0.007851209253485232, "val_accuracy": 0.8898333333333334, "_timestamp": 1741538536.0585349, "_runtime": 144.2321949005127, "_step": 10, "final_val_loss": 0.007851209253485232, "final_val_accuracy": 0.8898333333333334, "_wandb": {"runtime": 141}}