{"epoch": 10, "loss": 0.00754430896598129, "accuracy": 0.8953884934756821, "val_loss": 0.009224555135170566, "val_accuracy": 0.8751666666666666, "_timestamp": 1741547841.1577861, "_runtime": 63.77149319648743, "_step": 10, "final_val_loss": 0.009224555135170566, "final_val_accuracy": 0.8751666666666666, "_wandb": {"runtime": 62}}