{"epoch": 10, "loss": 0.006643146151394428, "accuracy": 0.9072508896797153, "val_loss": 0.008424694224567751, "val_accuracy": 0.8831666666666667, "_timestamp": 1741543849.1260269, "_runtime": 75.75565075874329, "_step": 10, "final_val_loss": 0.008424694224567751, "final_val_accuracy": 0.8831666666666667, "_wandb": {"runtime": 74}}