{"epoch": 5, "loss": 0.3357190184613844, "accuracy": 0.8758703703703704, "val_loss": 0.36816682998624684, "val_accuracy": 0.8661666666666666, "_timestamp": 1741511933.3237422, "_runtime": 84.2056291103363, "_step": 5, "final_val_loss": 0.36816682998624684, "final_val_accuracy": 0.8661666666666666, "_wandb": {"runtime": 83}}