{"epoch": 10, "loss": 0.28073763515382744, "accuracy": 0.8971122479240806, "val_loss": 0.3226060131959802, "val_accuracy": 0.8803333333333333, "_timestamp": 1742142016.3474002, "_runtime": 26.86496925354004, "_step": 10, "final_val_loss": 0.3226060131959802, "final_val_accuracy": 0.8803333333333333, "_wandb": {"runtime": 24}}