{"epoch": 5, "loss": 0.3054789092696368, "accuracy": 0.8882222222222222, "val_loss": 0.3433470297951492, "val_accuracy": 0.8783333333333333, "_timestamp": 1741678877.7397707, "_runtime": 120.1140546798706, "_step": 5, "final_val_loss": 0.3433470297951492, "final_val_accuracy": 0.8783333333333333, "_wandb": {"runtime": 115}}