{"epoch": 10, "loss": 0.2836324737262855, "accuracy": 0.8954997034400949, "val_loss": 0.33512228745901523, "val_accuracy": 0.8715, "_timestamp": 1742221313.3541908, "_runtime": 81.52298378944397, "_step": 10, "Confusion Matrix_table": {"_type": "table-file", "sha256": "fce17983dd1107266dea6639cd65830e2b70516b9af3078daef448a8a8903ddd", "size": 1812, "artifact_path": "wandb-client-artifact://a7g4gwqfuzvkdn8rifmy0fhx26z4osbfwuqos6migvosv8rlgfs8z960wv7m18pe2u74m0qwtt2igjgdaxumyigb0x218odzuixb7qguuzvf5ca78ts8cxbzynfnb792:latest/Confusion Matrix_table.table.json", "_latest_artifact_path": "wandb-client-artifact://a7g4gwqfuzvkdn8rifmy0fhx26z4osbfwuqos6migvosv8rlgfs8z960wv7m18pe2u74m0qwtt2igjgdaxumyigb0x218odzuixb7qguuzvf5ca78ts8cxbzynfnb792:latest/Confusion Matrix_table.table.json", "path": "media/table/Confusion Matrix_table_10_fce17983dd1107266dea.table.json", "ncols": 3, "nrows": 100}, "_wandb": {"runtime": 80}}