{"epoch": 10, "loss": 0.2922589887150176, "accuracy": 0.8928941908713693, "val_loss": 0.3163758360432647, "val_accuracy": 0.8833333333333333, "_timestamp": 1742143301.6392498, "_runtime": 48.23254990577698, "_step": 10, "final_val_loss": 0.3163758360432647, "final_val_accuracy": 0.8833333333333333, "_wandb": {"runtime": 47}}