{"epoch": 10, "loss": 0.009312418096710741, "accuracy": 0.87068390634262, "val_loss": 0.009838691670941892, "val_accuracy": 0.8643333333333333, "_timestamp": 1741548656.6171594, "_runtime": 150.40249347686768, "_step": 10, "final_val_loss": 0.009838691670941892, "final_val_accuracy": 0.8643333333333333, "_wandb": {"runtime": 149}}