{"epoch": 10, "loss": 0.3164694251315148, "accuracy": 0.8858800415183867, "val_loss": 0.34580763434706685, "val_accuracy": 0.8726666666666667, "_timestamp": 1741557675.4680765, "_runtime": 65.18461036682129, "_step": 10, "final_val_loss": 0.34580763434706685, "final_val_accuracy": 0.8726666666666667, "_wandb": {"runtime": 64}}