{"epoch": 10, "loss": 0.27599031557226034, "accuracy": 0.8975570877817319, "val_loss": 0.32028857795715215, "val_accuracy": 0.8801666666666667, "_timestamp": 1741554249.0054116, "_runtime": 37.796613693237305, "_step": 10, "Confusion Matrix": {"_type": "image-file", "sha256": "2d6382544fc5994a94af8538dde1938c3d7753aab8deea187a3b58381fcafa05", "size": 27264, "path": "media/images/Confusion Matrix_10_2d6382544fc5994a94af.png", "format": "png", "width": 576, "height": 432}, "_wandb": {"runtime": 36}}