{"epoch": 5, "loss": 0.2944221930283139, "accuracy": 0.8911439798339265, "val_loss": 0.3294581415199446, "val_accuracy": 0.8788333333333334, "_timestamp": 1741513503.6237342, "_runtime": 22.344937324523926, "_step": 5, "final_val_loss": 0.3294581415199446, "final_val_accuracy": 0.8788333333333334, "_wandb": {"runtime": 20}}