{"epoch": 10, "loss": 2.3025957134506094, "accuracy": 0.10075622775800712, "val_loss": 2.302752997804545, "val_accuracy": 0.0925, "_timestamp": 1741388112.9155638, "_runtime": 20.513439893722534, "_step": 10, "final_val_loss": 2.302752997804545, "final_val_accuracy": 0.0925, "_wandb": {"runtime": 19}}