{"epoch": 10, "loss": 0.3072429504361918, "accuracy": 0.8891708654416123, "val_loss": 0.3372107006670414, "val_accuracy": 0.8718333333333333, "_timestamp": 1741509811.2273784, "_runtime": 87.83768248558044, "_step": 10, "final_val_loss": 0.3372107006670414, "final_val_accuracy": 0.8718333333333333, "_wandb": {"runtime": 86}}