{"epoch": 10, "loss": 0.29078696787261604, "accuracy": 0.8912737247924081, "val_loss": 0.3341407974654099, "val_accuracy": 0.8816666666666667, "_timestamp": 1742142148.752744, "_runtime": 35.945828914642334, "_step": 10, "final_val_loss": 0.3341407974654099, "final_val_accuracy": 0.8816666666666667, "_wandb": {"runtime": 35}}