{"epoch": 10, "loss": 0.29836040575390055, "accuracy": 0.8902823058684054, "val_loss": 0.3491173286941711, "val_accuracy": 0.8766666666666667, "_timestamp": 1742142923.3734457, "_runtime": 107.82667684555054, "_step": 10, "final_val_loss": 0.3491173286941711, "final_val_accuracy": 0.8766666666666667, "_wandb": {"runtime": 106}}